date,mean_dew_point_temp
2002-07-01,16.3077
2002-07-02,16.7714
2002-07-03,19.7184
2002-07-04,18.505
2002-07-05,17.6835
2002-07-06,16.0098
2002-07-07,17.0425
2002-07-08,16.2672
2002-07-09,16.6537
2002-07-10,18.0022
2002-07-11,19.5685
2002-07-12,19.8675
2002-07-13,19.7031
2002-07-14,19.7434
2002-07-15,20.7819
2002-07-16,19.4245
2002-07-17,20.4214
2002-07-18,20.7418
2002-07-19,20.4827
2002-07-20,21.174
2002-07-21,21.0806
2002-07-22,21.8804
2002-07-23,21.348
2002-07-24,21.1393
2002-07-25,19.8586
2002-07-26,20.2512
2002-07-27,21.4193
2002-07-28,21.0594
2002-07-29,21.624
2002-07-30,21.1858
2002-07-31,19.067
2002-08-01,20.1212
2002-08-02,20.6066
2002-08-03,19.4863
2002-08-04,20.5976
2002-08-05,21.1544
2002-08-06,20.2783
2002-08-07,20.1792
2002-08-08,20.5723
2002-08-09,21.4872
2002-08-10,20.9579
2002-08-11,20.9811
2002-08-12,21.7141
2002-08-13,20.925
2002-08-14,21.0493
2002-08-15,20.9914
2002-08-16,21.6333
2002-08-17,22.2477
2002-08-18,22.0168
2002-08-19,22.0866
2002-08-20,20.943
2002-08-21,21.4944
2002-08-22,21.6759
2002-08-23,21.4214
2002-08-24,21.2931
2002-08-25,22.0258
2002-08-26,22.0677
2002-08-27,21.6494
2002-08-28,22.6475
2002-08-29,22.084
2002-08-30,21.5799
2002-08-31,20.8117
2002-09-01,21.2941
2002-09-02,21.5992
2002-09-03,21.1878
2002-09-04,22.1526
2002-09-05,22.3416
2002-09-06,21.4347
2002-09-07,21.0613
2002-09-08,21.2328
2002-09-09,21.0511
2002-09-10,21.4997
2002-09-11,21.7209
2002-09-12,22.6577
2002-09-13,21.794
2002-09-14,21.7062
2002-09-15,21.0388
2002-09-16,20.9664
2002-09-17,21.1695
2002-09-18,21.0514
2002-09-19,20.6534
2002-09-20,20.467
2002-09-21,20.4955
2002-09-22,20.3066
2002-09-23,20.1588
2002-09-24,19.1428
2002-09-25,19.5337
2002-09-26,19.9501
2002-09-27,20.7861
2002-09-28,21.6973
2002-09-29,19.1314
2002-09-30,18.8039
2002-10-01,18.9169
2002-10-02,17.3564
2002-10-03,19.7544
2002-10-04,18.5308
2002-10-05,20.1638
2002-10-06,20.3218
2002-10-07,20.6969
2002-10-08,21.2189
2002-10-09,20.1617
2002-10-10,19.5626
2002-10-11,20.3404
2002-10-12,20.9478
2002-10-13,20.5356
2002-10-14,20.4409
2002-10-15,19.8379
2002-10-16,17.8559
2002-10-17,14.6469
2002-10-18,14.4652
2002-10-19,15.3097
2002-10-20,15.1715
2002-10-21,14.5739
2002-10-22,16.4138
2002-10-23,16.6967
2002-10-24,17.4315
2002-10-25,16.998
2002-10-26,16.8979
2002-10-27,16.1846
2002-10-28,14.9456
2002-10-29,14.7418
2002-10-30,17.8003
2002-10-31,15.6904
2003-07-01,18.9638
2003-07-02,20.1786
2003-07-03,20.6406
2003-07-04,20.7443
2003-07-05,19.9867
2003-07-06,20.1454
2003-07-07,21.0069
2003-07-08,19.6781
2003-07-09,20.2092
2003-07-10,21.0643
2003-07-11,20.7214
2003-07-12,19.7122
2003-07-13,19.4341
2003-07-14,20.8092
2003-07-15,20.7718
2003-07-16,20.8874
2003-07-17,21.5609
2003-07-18,21.6199
2003-07-19,20.8252
2003-07-20,19.9572
2003-07-21,20.1275
2003-07-22,21.324
2003-07-23,21.1239
2003-07-24,22.0517
2003-07-25,21.012
2003-07-26,21.48
2003-07-27,21.5264
2003-07-28,21.5388
2003-07-29,21.9224
2003-07-30,21.5973
2003-07-31,21.7106
2003-08-01,21.6924
2003-08-02,21.0697
2003-08-03,21.8995
2003-08-04,21.5116
2003-08-05,22.1604
2003-08-06,21.9021
2003-08-07,21.714
2003-08-08,21.395
2003-08-09,21.5552
2003-08-10,21.4396
2003-08-11,20.9141
2003-08-12,21.4409
2003-08-13,22.1376
2003-08-14,22.0908
2003-08-15,21.5069
2003-08-16,21.8214
2003-08-17,22.4783
2003-08-18,22.5054
2003-08-19,21.275
2003-08-20,21.5751
2003-08-21,22.0815
2003-08-22,21.9294
2003-08-23,21.8166
2003-08-24,21.4377
2003-08-25,21.5339
2003-08-26,22.0622
2003-08-27,22.3397
2003-08-28,21.5432
2003-08-29,21.2239
2003-08-30,22.3025
2003-08-31,21.7223
2003-09-01,21.3744
2003-09-02,21.6848
2003-09-03,22.198
2003-09-04,21.5595
2003-09-05,22.0768
2003-09-06,21.6682
2003-09-07,21.9862
2003-09-08,22.2877
2003-09-09,21.4067
2003-09-10,22.4376
2003-09-11,21.5683
2003-09-12,21.5731
2003-09-13,21.8711
2003-09-14,21.706
2003-09-15,22.177
2003-09-16,20.8202
2003-09-17,21.0452
2003-09-18,21.8718
2003-09-19,22.5341
2003-09-20,22.1859
2003-09-21,21.7451
2003-09-22,22.2795
2003-09-23,21.7458
2003-09-24,21.128
2003-09-25,21.9036
2003-09-26,21.8615
2003-09-27,21.3806
2003-09-28,21.2164
2003-09-29,21.2929
2003-09-30,20.7593
2003-10-01,21.9226
2003-10-02,22.0884
2003-10-03,20.4355
2003-10-04,21.1871
2003-10-05,21.4808
2003-10-06,21.1204
2003-10-07,21.1351
2003-10-08,21.5502
2003-10-09,19.9904
2003-10-10,19.8352
2003-10-11,20.3026
2003-10-12,20.9493
2003-10-13,20.0921
2003-10-14,20.617
2003-10-15,21.3557
2003-10-16,20.2371
2003-10-17,18.6557
2003-10-18,21.251
2003-10-19,19.0472
2003-10-20,17.8719
2003-10-21,18.8333
2003-10-22,18.8915
2003-10-23,16.4192
2003-10-24,16.2135
2003-10-25,16.5634
2003-10-26,12.9107
2003-10-27,9.7324
2003-10-28,11.2268
2003-10-29,11.7508
2003-10-30,11.8307
2003-10-31,17.8728
2004-07-01,20.484
2004-07-02,19.5454
2004-07-03,18.6313
2004-07-04,18.1011
2004-07-05,18.5944
2004-07-06,18.5105
2004-07-07,17.8588
2004-07-08,17.8894
2004-07-09,19.7896
2004-07-10,20.6501
2004-07-11,19.8329
2004-07-12,18.9998
2004-07-13,18.1048
2004-07-14,18.883
2004-07-15,19.3981
2004-07-16,19.5357
2004-07-17,19.924
2004-07-18,19.8427
2004-07-19,19.9773
2004-07-20,19.7997
2004-07-21,19.6842
2004-07-22,19.9577
2004-07-23,19.5168
2004-07-24,20.2435
2004-07-25,20.4112
2004-07-26,20.1002
2004-07-27,21.1388
2004-07-28,20.841
2004-07-29,19.5543
2004-07-30,19.9907
2004-07-31,19.6949
2004-08-01,20.4031
2004-08-02,19.52
2004-08-03,19.158
2004-08-04,20.8683
2004-08-05,19.9822
2004-08-06,20.572
2004-08-07,21.6103
2004-08-08,21.8125
2004-08-09,21.3771
2004-08-10,21.4412
2004-08-11,21.6394
2004-08-12,21.0351
2004-08-13,20.7033
2004-08-14,21.2244
2004-08-15,21.7326
2004-08-16,21.4953
2004-08-17,21.0264
2004-08-18,22.3153
2004-08-19,21.7993
2004-08-20,20.7457
2004-08-21,21.149
2004-08-22,22.4578
2004-08-23,22.6866
2004-08-24,22.0547
2004-08-25,21.848
2004-08-26,22.006
2004-08-27,20.8688
2004-08-28,19.4867
2004-08-29,21.6335
2004-08-30,21.3278
2004-08-31,21.257
2004-09-01,20.2004
2004-09-02,20.9039
2004-09-03,21.5664
2004-09-04,21.3604
2004-09-05,22.1777
2004-09-06,21.7471
2004-09-07,21.8862
2004-09-08,21.275
2004-09-09,21.1566
2004-09-10,22.0466
2004-09-11,21.5681
2004-09-12,20.4863
2004-09-13,21.0023
2004-09-14,21.4398
2004-09-15,20.932
2004-09-16,21.0312
2004-09-17,21.4506
2004-09-18,21.2435
2004-09-19,20.9479
2004-09-20,21.2007
2004-09-21,21.0393
2004-09-22,21.049
2004-09-23,19.924
2004-09-24,20.007
2004-09-25,20.7757
2004-09-26,21.4283
2004-09-27,20.2684
2004-09-28,19.7303
2004-09-29,20.3543
2004-09-30,20.7241
2004-10-01,20.2797
2004-10-02,20.0372
2004-10-03,20.2224
2004-10-04,19.8657
2004-10-05,21.0669
2004-10-06,21.3817
2004-10-07,21.0347
2004-10-08,19.8325
2004-10-09,19.435
2004-10-10,19.469
2004-10-11,21.2111
2004-10-12,20.3151
2004-10-13,21.5942
2004-10-14,21.3875
2004-10-15,20.194
2004-10-16,18.9274
2004-10-17,17.044
2004-10-18,18.8008
2004-10-19,15.9665
2004-10-20,14.7164
2004-10-21,15.596
2004-10-22,16.1046
2004-10-23,17.3481
2004-10-24,13.9335
2004-10-25,11.2329
2004-10-26,14.0557
2004-10-27,16.4877
2004-10-28,17.7445
2004-10-29,17.48
2004-10-30,16.2427
2004-10-31,17.0289
2005-07-01,19.8626
2005-07-02,20.1819
2005-07-03,21.12
2005-07-04,20.7374
2005-07-05,21.2263
2005-07-06,20.6808
2005-07-07,19.558
2005-07-08,19.4885
2005-07-09,19.8816
2005-07-10,20.0568
2005-07-11,19.7557
2005-07-12,20.0186
2005-07-13,21.3686
2005-07-14,21.3643
2005-07-15,21.7504
2005-07-16,21.4846
2005-07-17,20.9448
2005-07-18,20.2567
2005-07-19,20.7231
2005-07-20,21.0832
2005-07-21,20.7018
2005-07-22,20.5954
2005-07-23,20.6083
2005-07-24,20.9314
2005-07-25,20.6315
2005-07-26,21.1807
2005-07-27,22.1561
2005-07-28,21.8347
2005-07-29,21.4396
2005-07-30,21.4368
2005-07-31,21.2533
2005-08-01,21.1927
2005-08-02,20.9628
2005-08-03,21.5099
2005-08-04,21.046
2005-08-05,21.7414
2005-08-06,21.574
2005-08-07,21.1316
2005-08-08,21.2404
2005-08-09,20.9171
2005-08-10,21.266
2005-08-11,21.2147
2005-08-12,20.9376
2005-08-13,21.3066
2005-08-14,21.9268
2005-08-15,22.3136
2005-08-16,21.6926
2005-08-17,21.0345
2005-08-18,21.9429
2005-08-19,21.8359
2005-08-20,21.5138
2005-08-21,21.045
2005-08-22,21.6038
2005-08-23,20.8508
2005-08-24,21.6956
2005-08-25,21.9201
2005-08-26,21.5566
2005-08-27,21.3639
2005-08-28,21.5222
2005-08-29,22.2196
2005-08-30,22.4535
2005-08-31,20.8742
2005-09-01,20.7889
2005-09-02,22.4546
2005-09-03,22.8388
2005-09-04,22.3027
2005-09-05,21.5681
2005-09-06,21.3109
2005-09-07,22.8475
2005-09-08,22.2425
2005-09-09,22.0851
2005-09-10,22.3629
2005-09-11,21.7663
2005-09-12,21.6282
2005-09-13,21.7144
2005-09-14,21.9348
2005-09-15,21.5049
2005-09-16,22.1519
2005-09-17,22.3091
2005-09-18,21.1148
2005-09-19,21.4221
2005-09-20,22.8373
2005-09-21,22.148
2005-09-22,21.3232
2005-09-23,21.3704
2005-09-24,22.2598
2005-09-25,22.5774
2005-09-26,21.9216
2005-09-27,21.5152
2005-09-28,21.0181
2005-09-29,21.2404
2005-09-30,20.0619
2005-10-01,21.0019
2005-10-02,20.8593
2005-10-03,20.8706
2005-10-04,19.0918
2005-10-05,19.0483
2005-10-06,18.9771
2005-10-07,19.6853
2005-10-08,19.8921
2005-10-09,20.4059
2005-10-10,20.36
2005-10-11,20.1644
2005-10-12,19.6473
2005-10-13,19.2705
2005-10-14,19.9409
2005-10-15,19.0645
2005-10-16,18.8328
2005-10-17,19.3354
2005-10-18,19.4695
2005-10-19,19.6428
2005-10-20,18.9571
2005-10-21,18.8816
2005-10-22,19.5668
2005-10-23,18.5273
2005-10-24,16.6031
2005-10-25,17.8014
2005-10-26,18.1313
2005-10-27,17.512
2005-10-28,17.036
2005-10-29,18.2944
2005-10-30,17.4951
2005-10-31,16.3434
2006-07-01,19.4709
2006-07-02,20.4509
2006-07-03,18.4276
2006-07-04,20.6732
2006-07-05,21.3102
2006-07-06,21.9783
2006-07-07,21.6203
2006-07-08,21.1081
2006-07-09,21.2869
2006-07-10,20.7766
2006-07-11,20.2675
2006-07-12,21.0159
2006-07-13,20.1862
2006-07-14,19.4996
2006-07-15,21.1807
2006-07-16,20.6688
2006-07-17,20.426
2006-07-18,21.5654
2006-07-19,21.1357
2006-07-20,20.3943
2006-07-21,20.1
2006-07-22,21.513
2006-07-23,20.6518
2006-07-24,20.9293
2006-07-25,19.6532
2006-07-26,20.4876
2006-07-27,21.6144
2006-07-28,20.4578
2006-07-29,19.8854
2006-07-30,19.7656
2006-07-31,20.1666
2006-08-01,19.756
2006-08-02,19.5702
2006-08-03,20.7501
2006-08-04,21.7645
2006-08-05,21.4943
2006-08-06,21.3192
2006-08-07,21.2122
2006-08-08,20.7435
2006-08-09,21.0764
2006-08-10,21.0305
2006-08-11,21.6637
2006-08-12,21.7438
2006-08-13,21.5329
2006-08-14,20.4018
2006-08-15,20.7358
2006-08-16,20.7698
2006-08-17,21.0397
2006-08-18,20.7114
2006-08-19,21.0931
2006-08-20,22.1175
2006-08-21,21.2017
2006-08-22,20.9228
2006-08-23,21.4143
2006-08-24,21.0727
2006-08-25,21.1511
2006-08-26,21.2814
2006-08-27,21.6468
2006-08-28,21.9867
2006-08-29,22.4228
2006-08-30,21.6224
2006-08-31,21.7476
2006-09-01,20.334
2006-09-02,21.2441
2006-09-03,20.1502
2006-09-04,20.3052
2006-09-05,21.7823
2006-09-06,21.5481
2006-09-07,20.5803
2006-09-08,21.7859
2006-09-09,21.7477
2006-09-10,22.0417
2006-09-11,21.2011
2006-09-12,21.563
2006-09-13,22.1791
2006-09-14,21.5377
2006-09-15,21.8992
2006-09-16,21.6598
2006-09-17,21.816
2006-09-18,21.4618
2006-09-19,21.5099
2006-09-20,22.0152
2006-09-21,22.4456
2006-09-22,21.7075
2006-09-23,21.7205
2006-09-24,20.9918
2006-09-25,21.4495
2006-09-26,21.8557
2006-09-27,21.1431
2006-09-28,21.1502
2006-09-29,21.2577
2006-09-30,21.0102
2006-10-01,20.1504
2006-10-02,20.4079
2006-10-03,20.2917
2006-10-04,20.6665
2006-10-05,20.6349
2006-10-06,19.586
2006-10-07,18.6965
2006-10-08,19.6144
2006-10-09,19.871
2006-10-10,19.9262
2006-10-11,20.3833
2006-10-12,20.9102
2006-10-13,19.3847
2006-10-14,20.8016
2006-10-15,20.6991
2006-10-16,20.4693
2006-10-17,20.8157
2006-10-18,20.6998
2006-10-19,21.5141
2006-10-20,21.4578
2006-10-21,21.8097
2006-10-22,21.3038
2006-10-23,21.303
2006-10-24,20.946
2006-10-25,21.1506
2006-10-26,21.4055
2006-10-27,18.6299
2006-10-28,19.8744
2006-10-29,17.4613
2006-10-30,18.2054
2006-10-31,17.0876
2007-07-01,21.1815
2007-07-02,21.7402
2007-07-03,21.4057
2007-07-04,21.7929
2007-07-05,20.4824
2007-07-06,20.2886
2007-07-07,20.7916
2007-07-08,21.3298
2007-07-09,21.3114
2007-07-10,20.8269
2007-07-11,21.0572
2007-07-12,21.9161
2007-07-13,21.3479
2007-07-14,21.2389
2007-07-15,21.276
2007-07-16,22.16
2007-07-17,20.6084
2007-07-18,20.2781
2007-07-19,21.1286
2007-07-20,21.6369
2007-07-21,21.8936
2007-07-22,22.0114
2007-07-23,22.2373
2007-07-24,22.1602
2007-07-25,21.6846
2007-07-26,21.226
2007-07-27,22.062
2007-07-28,21.9661
2007-07-29,22.1876
2007-07-30,21.6514
2007-07-31,21.9834
2007-08-01,21.735
2007-08-02,21.2926
2007-08-03,21.9813
2007-08-04,22.2274
2007-08-05,21.8069
2007-08-06,21.8353
2007-08-07,21.3971
2007-08-08,21.6035
2007-08-09,20.7635
2007-08-10,22.0395
2007-08-11,21.7497
2007-08-12,21.4308
2007-08-13,21.4225
2007-08-14,21.9917
2007-08-15,21.1592
2007-08-16,21.5826
2007-08-17,22.5608
2007-08-18,21.6334
2007-08-19,21.8815
2007-08-20,21.3149
2007-08-21,21.4536
2007-08-22,22.0648
2007-08-23,21.6291
2007-08-24,21.7189
2007-08-25,22.4174
2007-08-26,23.1273
2007-08-27,22.1412
2007-08-28,21.1209
2007-08-29,21.0166
2007-08-30,21.8313
2007-08-31,21.7152
2007-09-01,21.2083
2007-09-02,21.6516
2007-09-03,21.7689
2007-09-04,21.8365
2007-09-05,21.6223
2007-09-06,20.8138
2007-09-07,21.1421
2007-09-08,21.3958
2007-09-09,21.3256
2007-09-10,21.3838
2007-09-11,21.8166
2007-09-12,21.5947
2007-09-13,21.1094
2007-09-14,22.4796
2007-09-15,22.3174
2007-09-16,21.8659
2007-09-17,21.706
2007-09-18,22.5445
2007-09-19,22.522
2007-09-20,21.1367
2007-09-21,21.8035
2007-09-22,21.6778
2007-09-23,21.7885
2007-09-24,21.6634
2007-09-25,21.9445
2007-09-26,21.9131
2007-09-27,20.7553
2007-09-28,21.0792
2007-09-29,21.4434
2007-09-30,21.6414
2007-10-01,21.8027
2007-10-02,20.7284
2007-10-03,20.9755
2007-10-04,21.698
2007-10-05,21.8859
2007-10-06,21.6357
2007-10-07,21.6319
2007-10-08,21.6513
2007-10-09,20.5284
2007-10-10,20.7768
2007-10-11,19.5885
2007-10-12,18.0016
2007-10-13,17.4495
2007-10-14,17.9329
2007-10-15,19.0281
2007-10-16,18.8476
2007-10-17,18.8852
2007-10-18,19.6916
2007-10-19,20.214
2007-10-20,20.0108
2007-10-21,18.0895
2007-10-22,20.2791
2007-10-23,19.7866
2007-10-24,17.9719
2007-10-25,17.9087
2007-10-26,15.3404
2007-10-27,16.432
2007-10-28,19.3633
2007-10-29,17.745
2007-10-30,15.4227
2007-10-31,14.6896
2008-07-01,18.2104
2008-07-02,18.8082
2008-07-03,18.2488
2008-07-04,20.1585
2008-07-05,20.2051
2008-07-06,20.8758
2008-07-07,20.8812
2008-07-08,20.6212
2008-07-09,19.5065
2008-07-10,20.0612
2008-07-11,20.7244
2008-07-12,20.3899
2008-07-13,20.1161
2008-07-14,18.9158
2008-07-15,20.5238
2008-07-16,21.9823
2008-07-17,21.4897
2008-07-18,20.8812
2008-07-19,19.8812
2008-07-20,20.3
2008-07-21,21.1332
2008-07-22,20.2206
2008-07-23,19.5221
2008-07-24,20.7852
2008-07-25,20.8306
2008-07-26,19.9195
2008-07-27,18.9055
2008-07-28,19.1659
2008-07-29,21.2717
2008-07-30,20.8806
2008-07-31,21.0723
2008-08-01,20.7769
2008-08-02,21.6764
2008-08-03,21.196
2008-08-04,21.0787
2008-08-05,20.7501
2008-08-06,20.5815
2008-08-07,19.7291
2008-08-08,20.3308
2008-08-09,19.8622
2008-08-10,20.3509
2008-08-11,20.1338
2008-08-12,20.0241
2008-08-13,20.9322
2008-08-14,20.8443
2008-08-15,20.4778
2008-08-16,21.2069
2008-08-17,21.3026
2008-08-18,21.3622
2008-08-19,21.5819
2008-08-20,21.8
2008-08-21,21.8082
2008-08-22,21.2664
2008-08-23,21.8327
2008-08-24,21.5725
2008-08-25,21.4208
2008-08-26,21.3765
2008-08-27,22.0836
2008-08-28,22.1837
2008-08-29,21.7845
2008-08-30,21.2694
2008-08-31,22.2416
2008-09-01,22.152
2008-09-02,21.1811
2008-09-03,22.5793
2008-09-04,22.762
2008-09-05,21.0998
2008-09-06,21.7876
2008-09-07,22.3025
2008-09-08,22.0545
2008-09-09,21.6389
2008-09-10,21.4742
2008-09-11,22.3621
2008-09-12,22.444
2008-09-13,21.8195
2008-09-14,22.4716
2008-09-15,21.8571
2008-09-16,23.1512
2008-09-17,22.8177
2008-09-18,22.6945
2008-09-19,21.6141
2008-09-20,22.3599
2008-09-21,23.4193
2008-09-22,22.1694
2008-09-23,22.3688
2008-09-24,22.23
2008-09-25,22.7282
2008-09-26,21.4302
2008-09-27,20.9578
2008-09-28,21.5437
2008-09-29,21.7373
2008-09-30,21.0938
2008-10-01,21.4163
2008-10-02,21.5286
2008-10-03,21.1669
2008-10-04,21.1905
2008-10-05,20.9677
2008-10-06,20.1496
2008-10-07,20.1557
2008-10-08,19.321
2008-10-09,20.5406
2008-10-10,20.212
2008-10-11,20.1818
2008-10-12,20.2033
2008-10-13,19.947
2008-10-14,20.5631
2008-10-15,20.7028
2008-10-16,19.5621
2008-10-17,18.2809
2008-10-18,18.0316
2008-10-19,20.0388
2008-10-20,17.4367
2008-10-21,16.8788
2008-10-22,19.2039
2008-10-23,18.2112
2008-10-24,16.9398
2008-10-25,11.8971
2008-10-26,8.2771
2008-10-27,10.0453
2008-10-28,10.3947
2008-10-29,8.7403
2008-10-30,8.4096
2008-10-31,10.8809
2009-07-01,17.9798
2009-07-02,18.3864
2009-07-03,18.1638
2009-07-04,17.2889
2009-07-05,16.91
2009-07-06,18.7694
2009-07-07,21.0906
2009-07-08,19.9995
2009-07-09,20.2925
2009-07-10,19.0396
2009-07-11,19.7147
2009-07-12,19.0408
2009-07-13,19.8876
2009-07-14,20.6046
2009-07-15,19.8809
2009-07-16,18.0367
2009-07-17,20.704
2009-07-18,21.0584
2009-07-19,20.2637
2009-07-20,19.8268
2009-07-21,20.2204
2009-07-22,21.8802
2009-07-23,21.6438
2009-07-24,21.4622
2009-07-25,21.0912
2009-07-26,20.7609
2009-07-27,20.3688
2009-07-28,21.2667
2009-07-29,19.4026
2009-07-30,19.6184
2009-07-31,20.9317
2009-08-01,21.0517
2009-08-02,20.5163
2009-08-03,20.7055
2009-08-04,21.1313
2009-08-05,21.6741
2009-08-06,22.0707
2009-08-07,21.5945
2009-08-08,21.7627
2009-08-09,21.7695
2009-08-10,21.0981
2009-08-11,20.6635
2009-08-12,21.5766
2009-08-13,22.1555
2009-08-14,21.1078
2009-08-15,21.6424
2009-08-16,21.9279
2009-08-17,21.3087
2009-08-18,20.6419
2009-08-19,21.7767
2009-08-20,21.0868
2009-08-21,20.2092
2009-08-22,20.3157
2009-08-23,21.3408
2009-08-24,20.7253
2009-08-25,21.8728
2009-08-26,21.6633
2009-08-27,22.0391
2009-08-28,22.044
2009-08-29,21.6892
2009-08-30,22.4232
2009-08-31,23.2442
2009-09-01,21.6694
2009-09-02,21.6187
2009-09-03,21.606
2009-09-04,22.3468
2009-09-05,22.2782
2009-09-06,22.1606
2009-09-07,21.41
2009-09-08,21.654
2009-09-09,21.9672
2009-09-10,22.5607
2009-09-11,21.594
2009-09-12,21.4145
2009-09-13,21.5676
2009-09-14,21.133
2009-09-15,21.606
2009-09-16,21.11
2009-09-17,20.9568
2009-09-18,20.1772
2009-09-19,19.8495
2009-09-20,21.1098
2009-09-21,20.9344
2009-09-22,21.1808
2009-09-23,20.9062
2009-09-24,20.0717
2009-09-25,20.7798
2009-09-26,21.3269
2009-09-27,21.458
2009-09-28,21.4654
2009-09-29,21.2487
2009-09-30,20.8416
2009-10-01,20.5514
2009-10-02,20.3427
2009-10-03,20.5076
2009-10-04,19.3436
2009-10-05,18.0704
2009-10-06,18.6404
2009-10-07,20.1534
2009-10-08,20.0234
2009-10-09,14.9878
2009-10-10,8.4609
2009-10-11,9.0587
2009-10-12,9.3448
2009-10-13,12.223
2009-10-14,15.4658
2009-10-15,16.5129
2009-10-16,16.3624
2009-10-17,18.0809
2009-10-18,17.9704
2009-10-19,19.3425
2009-10-20,18.532
2009-10-21,17.5332
2009-10-22,18.3017
2009-10-23,18.3878
2009-10-24,17.9925
2009-10-25,16.6718
2009-10-26,17.681
2009-10-27,16.2808
2009-10-28,15.5719
2009-10-29,15.6745
2009-10-30,18.5953
2009-10-31,18.0216
2010-07-01,19.7288
2010-07-02,19.3933
2010-07-03,20.5665
2010-07-04,21.3279
2010-07-05,19.4944
2010-07-06,18.5418
2010-07-07,19.2933
2010-07-08,19.8703
2010-07-09,19.9876
2010-07-10,19.6233
2010-07-11,19.4372
2010-07-12,19.3332
2010-07-13,20.7581
2010-07-14,21.6213
2010-07-15,20.5585
2010-07-16,20.9159
2010-07-17,21.5554
2010-07-18,21.1343
2010-07-19,20.4365
2010-07-20,21.2554
2010-07-21,20.9096
2010-07-22,21.3404
2010-07-23,21.0983
2010-07-24,19.642
2010-07-25,20.9061
2010-07-26,20.7557
2010-07-27,20.871
2010-07-28,21.2516
2010-07-29,21.4198
2010-07-30,20.9226
2010-07-31,21.6686
2010-08-01,22.0156
2010-08-02,21.9391
2010-08-03,21.4061
2010-08-04,21.0135
2010-08-05,21.5637
2010-08-06,21.5956
2010-08-07,22.674
2010-08-08,22.5359
2010-08-09,21.2374
2010-08-10,21.3153
2010-08-11,21.4308
2010-08-12,21.1432
2010-08-13,21.4064
2010-08-14,22.1325
2010-08-15,21.503
2010-08-16,20.8017
2010-08-17,21.2621
2010-08-18,20.7161
2010-08-19,21.2865
2010-08-20,20.9698
2010-08-21,21.5861
2010-08-22,21.1985
2010-08-23,20.7994
2010-08-24,21.6528
2010-08-25,21.2996
2010-08-26,21.9404
2010-08-27,21.4016
2010-08-28,21.3056
2010-08-29,22.1338
2010-08-30,22.5588
2010-08-31,21.4928
2010-09-01,21.0419
2010-09-02,21.4566
2010-09-03,21.5929
2010-09-04,22.168
2010-09-05,22.7049
2010-09-06,22.0488
2010-09-07,20.7784
2010-09-08,22.2845
2010-09-09,22.0275
2010-09-10,22.4157
2010-09-11,21.3769
2010-09-12,21.7887
2010-09-13,22.1128
2010-09-14,21.0347
2010-09-15,20.9321
2010-09-16,21.7635
2010-09-17,21.8224
2010-09-18,21.7434
2010-09-19,22.087
2010-09-20,22.2716
2010-09-21,22.2866
2010-09-22,21.0627
2010-09-23,22.1399
2010-09-24,22.6494
2010-09-25,21.6233
2010-09-26,21.0545
2010-09-27,22.1469
2010-09-28,22.2714
2010-09-29,21.2004
2010-09-30,20.7343
2010-10-01,21.4325
2010-10-02,21.1572
2010-10-03,20.8211
2010-10-04,21.1226
2010-10-05,20.9606
2010-10-06,21.4296
2010-10-07,20.9207
2010-10-08,21.1481
2010-10-09,21.878
2010-10-10,21.5667
2010-10-11,21.6251
2010-10-12,19.9528
2010-10-13,19.8084
2010-10-14,19.1944
2010-10-15,20.8299
2010-10-16,20.6288
2010-10-17,20.8809
2010-10-18,20.9109
2010-10-19,20.7452
2010-10-20,20.0148
2010-10-21,20.8939
2010-10-22,20.1224
2010-10-23,19.0025
2010-10-24,18.7694
2010-10-25,20.6878
2010-10-26,20.0454
2010-10-27,18.7737
2010-10-28,18.6055
2010-10-29,19.7015
2010-10-30,19.5459
2010-10-31,18.6495
2011-07-01,18.6129
2011-07-02,17.796
2011-07-03,17.3129
2011-07-04,19.2046
2011-07-05,19.1431
2011-07-06,17.2405
2011-07-07,18.6876
2011-07-08,18.6661
2011-07-09,17.9
2011-07-10,19.0258
2011-07-11,19.2576
2011-07-12,18.1424
2011-07-13,17.816
2011-07-14,16.084
2011-07-15,17.6096
2011-07-16,17.4739
2011-07-17,18.6691
2011-07-18,19.3033
2011-07-19,18.5713
2011-07-20,18.3523
2011-07-21,18.8945
2011-07-22,18.7969
2011-07-23,19.2817
2011-07-24,20.6292
2011-07-25,18.5958
2011-07-26,18.6696
2011-07-27,19.0558
2011-07-28,20.2561
2011-07-29,21.5637
2011-07-30,20.0283
2011-07-31,20.0712
2011-08-01,19.2224
2011-08-02,20.3558
2011-08-03,20.8964
2011-08-04,20.1176
2011-08-05,21.4631
2011-08-06,19.3084
2011-08-07,20.8765
2011-08-08,20.6059
2011-08-09,20.2277
2011-08-10,20.4802
2011-08-11,20.9254
2011-08-12,20.6952
2011-08-13,20.1413
2011-08-14,21.3328
2011-08-15,21.4478
2011-08-16,22.0174
2011-08-17,21.6787
2011-08-18,20.8033
2011-08-19,21.1756
2011-08-20,21.7302
2011-08-21,21.5427
2011-08-22,21.3884
2011-08-23,21.5285
2011-08-24,21.3586
2011-08-25,21.2718
2011-08-26,21.1518
2011-08-27,21.444
2011-08-28,20.6533
2011-08-29,21.4652
2011-08-30,21.1018
2011-08-31,21.475
2011-09-01,21.6665
2011-09-02,21.5752
2011-09-03,21.0757
2011-09-04,21.0832
2011-09-05,21.8796
2011-09-06,22.1476
2011-09-07,21.1455
2011-09-08,20.7394
2011-09-09,21.3397
2011-09-10,22.2161
2011-09-11,21.707
2011-09-12,21.6149
2011-09-13,22.2462
2011-09-14,22.0579
2011-09-15,20.9512
2011-09-16,21.6591
2011-09-17,22.9155
2011-09-18,21.4874
2011-09-19,21.5609
2011-09-20,22.4497
2011-09-21,22.2725
2011-09-22,22.0532
2011-09-23,20.5602
2011-09-24,20.1617
2011-09-25,21.3119
2011-09-26,21.0747
2011-09-27,20.1062
2011-09-28,20.787
2011-09-29,20.5309
2011-09-30,20.7576
2011-10-01,20.2784
2011-10-02,19.929
2011-10-03,20.9147
2011-10-04,20.7156
2011-10-05,20.5206
2011-10-06,18.8139
2011-10-07,18.5678
2011-10-08,21.0664
2011-10-09,20.082
2011-10-10,18.398
2011-10-11,18.8361
2011-10-12,18.0794
2011-10-13,18.7571
2011-10-14,20.4217
2011-10-15,21.3273
2011-10-16,20.1063
2011-10-17,19.6822
2011-10-18,19.4494
2011-10-19,19.7043
2011-10-20,20.2041
2011-10-21,18.1628
2011-10-22,15.4783
2011-10-23,14.2322
2011-10-24,17.4938
2011-10-25,18.1442
2011-10-26,14.741
2011-10-27,15.6982
2011-10-28,18.1498
2011-10-29,16.3786
2011-10-30,16.1588
2011-10-31,15.6254
2012-07-01,20.0663
2012-07-02,20.4984
2012-07-03,20.0034
2012-07-04,19.4558
2012-07-05,21.1523
2012-07-06,21.1221
2012-07-07,20.4951
2012-07-08,20.4525
2012-07-09,21.2517
2012-07-10,21.7638
2012-07-11,22.0262
2012-07-12,21.6984
2012-07-13,21.3231
2012-07-14,21.7112
2012-07-15,21.4052
2012-07-16,21.9177
2012-07-17,21.2619
2012-07-18,21.5383
2012-07-19,20.0735
2012-07-20,21.1206
2012-07-21,21.2837
2012-07-22,20.935
2012-07-23,21.3686
2012-07-24,21.071
2012-07-25,21.384
2012-07-26,21.1383
2012-07-27,20.4307
2012-07-28,20.5072
2012-07-29,20.6487
2012-07-30,20.0026
2012-07-31,20.2739
2012-08-01,22.655
2012-08-02,21.6977
2012-08-03,21.6472
2012-08-04,21.0624
2012-08-05,22.1646
2012-08-06,21.6064
2012-08-07,21.7313
2012-08-08,20.5226
2012-08-09,21.3914
2012-08-10,20.4222
2012-08-11,21.4023
2012-08-12,21.9806
2012-08-13,21.9731
2012-08-14,21.251
2012-08-15,21.3487
2012-08-16,22.1125
2012-08-17,21.4086
2012-08-18,21.0951
2012-08-19,21.5533
2012-08-20,21.5972
2012-08-21,20.7665
2012-08-22,20.6387
2012-08-23,20.6248
2012-08-24,21.8202
2012-08-25,22.3046
2012-08-26,21.4812
2012-08-27,21.3372
2012-08-28,21.9654
2012-08-29,20.9128
2012-08-30,22.7176
2012-08-31,21.4026
2012-09-01,21.0045
2012-09-02,22.1994
2012-09-03,20.9329
2012-09-04,21.4391
2012-09-05,20.9906
2012-09-06,21.8159
2012-09-07,21.2814
2012-09-08,20.8222
2012-09-09,21.4435
2012-09-10,21.7566
2012-09-11,22.2272
2012-09-12,21.7258
2012-09-13,22.2337
2012-09-14,22.5905
2012-09-15,21.0403
2012-09-16,20.2959
2012-09-17,21.2819
2012-09-18,21.3006
2012-09-19,21.7271
2012-09-20,21.0318
2012-09-21,21.4781
2012-09-22,21.4904
2012-09-23,21.8405
2012-09-24,21.7642
2012-09-25,21.1219
2012-09-26,21.9944
2012-09-27,21.6919
2012-09-28,21.4778
2012-09-29,22.0862
2012-09-30,21.5106
2012-10-01,21.2491
2012-10-02,21.0755
2012-10-03,21.0727
2012-10-04,21.135
2012-10-05,20.2107
2012-10-06,20.5542
2012-10-07,20.1322
2012-10-08,20.9729
2012-10-09,21.2749
2012-10-10,20.8326
2012-10-11,20.4152
2012-10-12,19.9407
2012-10-13,19.7424
2012-10-14,19.5826
2012-10-15,18.4935
2012-10-16,15.6474
2012-10-17,14.2104
2012-10-18,11.4955
2012-10-19,12.7957
2012-10-20,14.725
2012-10-21,15.5756
2012-10-22,19.6414
2012-10-23,18.5532
2012-10-24,16.4717
2012-10-25,12.5385
2012-10-26,9.4026
2012-10-27,10.2791
2012-10-28,12.5713
2012-10-29,16.3466
2012-10-30,16.6905
2012-10-31,15.8797
2013-07-01,18.6118
2013-07-02,18.5662
2013-07-03,18.4907
2013-07-04,18.5239
2013-07-05,17.5777
2013-07-06,17.5772
2013-07-07,17.6141
2013-07-08,16.3625
2013-07-09,17.4228
2013-07-10,17.238
2013-07-11,18.2803
2013-07-12,16.7986
2013-07-13,19.63
2013-07-14,17.4415
2013-07-15,17.9865
2013-07-16,18.8497
2013-07-17,18.7674
2013-07-18,18.7913
2013-07-19,18.1323
2013-07-20,18.5995
2013-07-21,18.9832
2013-07-22,19.2108
2013-07-23,18.1188
2013-07-24,19.8858
2013-07-25,20.391
2013-07-26,18.6769
2013-07-27,19.5445
2013-07-28,20.2692
2013-07-29,19.5568
2013-07-30,20.1638
2013-07-31,18.9492
2013-08-01,19.6858
2013-08-02,19.3242
2013-08-03,19.7673
2013-08-04,19.4531
2013-08-05,21.3104
2013-08-06,20.8712
2013-08-07,21.5019
2013-08-08,21.3248
2013-08-09,21.6058
2013-08-10,21.4818
2013-08-11,21.0131
2013-08-12,22.0741
2013-08-13,22.1324
2013-08-14,22.0504
2013-08-15,21.874
2013-08-16,21.8153
2013-08-17,22.0458
2013-08-18,22.6258
2013-08-19,21.9517
2013-08-20,21.118
2013-08-21,21.0813
2013-08-22,21.091
2013-08-23,21.4607
2013-08-24,21.2473
2013-08-25,22.2508
2013-08-26,21.3282
2013-08-27,21.7938
2013-08-28,22.2188
2013-08-29,22.0672
2013-08-30,21.7607
2013-08-31,21.7145
2013-09-01,22.127
2013-09-02,21.4959
2013-09-03,21.5728
2013-09-04,21.6902
2013-09-05,21.4347
2013-09-06,21.3462
2013-09-07,21.6404
2013-09-08,22.3514
2013-09-09,21.5297
2013-09-10,19.8978
2013-09-11,21.1403
2013-09-12,22.4406
2013-09-13,21.5012
2013-09-14,21.1874
2013-09-15,22.0577
2013-09-16,21.9781
2013-09-17,21.5126
2013-09-18,21.6601
2013-09-19,22.2092
2013-09-20,22.2274
2013-09-21,22.6765
2013-09-22,22.6788
2013-09-23,22.7129
2013-09-24,21.9293
2013-09-25,21.0096
2013-09-26,21.2542
2013-09-27,21.7054
2013-09-28,21.3653
2013-09-29,21.3518
2013-09-30,21.0319
2013-10-01,19.4672
2013-10-02,19.8083
2013-10-03,20.3907
2013-10-04,20.934
2013-10-05,20.1769
2013-10-06,20.6304
2013-10-07,20.7802
2013-10-08,20.4343
2013-10-09,20.7726
2013-10-10,20.736
2013-10-11,21.546
2013-10-12,21.6959
2013-10-13,20.7718
2013-10-14,20.7919
2013-10-15,20.1193
2013-10-16,19.2715
2013-10-17,19.6382
2013-10-18,18.2178
2013-10-19,17.9535
2013-10-20,18.288
2013-10-21,17.6627
2013-10-22,18.0459
2013-10-23,18.8735
2013-10-24,19.2307
2013-10-25,19.1402
2013-10-26,18.9303
2013-10-27,17.9217
2013-10-28,16.9892
2013-10-29,16.5937
2013-10-30,12.184
2013-10-31,9.6245
2014-07-01,20.591
2014-07-02,19.0503
2014-07-03,18.3386
2014-07-04,17.9459
2014-07-05,17.1614
2014-07-06,19.9857
2014-07-07,20.3658
2014-07-08,19.5007
2014-07-09,19.5008
2014-07-10,20.9057
2014-07-11,20.5586
2014-07-12,20.0699
2014-07-13,20.0973
2014-07-14,20.7282
2014-07-15,20.8839
2014-07-16,20.1361
2014-07-17,19.9877
2014-07-18,18.6453
2014-07-19,19.7809
2014-07-20,21.8861
2014-07-21,21.095
2014-07-22,21.0016
2014-07-23,20.9377
2014-07-24,21.1732
2014-07-25,20.2122
2014-07-26,21.2509
2014-07-27,21.214
2014-07-28,20.8646
2014-07-29,21.8914
2014-07-30,21.9139
2014-07-31,21.6592
2014-08-01,20.3771
2014-08-02,20.5277
2014-08-03,20.8149
2014-08-04,20.1476
2014-08-05,20.0611
2014-08-06,20.9626
2014-08-07,21.0117
2014-08-08,21.0246
2014-08-09,20.9598
2014-08-10,21.9079
2014-08-11,22.1827
2014-08-12,21.3086
2014-08-13,21.915
2014-08-14,21.8765
2014-08-15,21.8592
2014-08-16,22.281
2014-08-17,21.7287
2014-08-18,20.9159
2014-08-19,20.6386
2014-08-20,20.8369
2014-08-21,21.44
2014-08-22,21.7148
2014-08-23,20.8133
2014-08-24,20.9056
2014-08-25,21.5847
2014-08-26,21.2723
2014-08-27,19.9643
2014-08-28,21.4984
2014-08-29,21.4853
2014-08-30,21.1252
2014-08-31,21.1454
2014-09-01,20.6977
2014-09-02,21.7205
2014-09-03,21.3137
2014-09-04,21.0102
2014-09-05,21.4633
2014-09-06,20.5238
2014-09-07,20.6655
2014-09-08,20.087
2014-09-09,20.433
2014-09-10,20.8599
2014-09-11,20.852
2014-09-12,21.7373
2014-09-13,21.4221
2014-09-14,21.0648
2014-09-15,22.18
2014-09-16,21.533
2014-09-17,21.3595
2014-09-18,22.1246
2014-09-19,22.8758
2014-09-20,23.1232
2014-09-21,22.1315
2014-09-22,21.7602
2014-09-23,22.1565
2014-09-24,20.4788
2014-09-25,21.1212
2014-09-26,20.6012
2014-09-27,20.4313
2014-09-28,20.309
2014-09-29,19.8616
2014-09-30,19.763
2014-10-01,21.1179
2014-10-02,21.5793
2014-10-03,21.2458
2014-10-04,21.5557
2014-10-05,21.9683
2014-10-06,20.8659
2014-10-07,20.9084
2014-10-08,21.173
2014-10-09,22.2074
2014-10-10,21.8329
2014-10-11,21.1348
2014-10-12,22.8215
2014-10-13,22.1592
2014-10-14,21.9783
2014-10-15,22.3375
2014-10-16,22.2031
2014-10-17,22.1356
2014-10-18,21.2871
2014-10-19,21.0236
2014-10-20,22.1569
2014-10-21,21.3589
2014-10-22,21.6653
2014-10-23,20.6445
2014-10-24,20.9058
2014-10-25,18.361
2014-10-26,18.9281
2014-10-27,15.2982
2014-10-28,12.7068
2014-10-29,14.5054
2014-10-30,14.5243
2014-10-31,16.313
2015-07-01,21.5676
2015-07-02,18.8993
2015-07-03,20.5332
2015-07-04,20.9973
2015-07-05,21.9134
2015-07-06,20.1876
2015-07-07,18.4734
2015-07-08,17.5003
2015-07-09,17.3716
2015-07-10,17.8769
2015-07-11,16.6963
2015-07-12,16.2983
2015-07-13,17.7887
2015-07-14,16.2856
2015-07-15,17.0495
2015-07-16,17.9529
2015-07-17,20.1311
2015-07-18,17.4214
2015-07-19,20.4116
2015-07-20,19.7028
2015-07-21,19.1355
2015-07-22,19.0212
2015-07-23,18.9959
2015-07-24,19.7132
2015-07-25,19.4954
2015-07-26,19.287
2015-07-27,21.1298
2015-07-28,20.4404
2015-07-29,21.9513
2015-07-30,20.8204
2015-07-31,20.1542
2015-08-01,19.9428
2015-08-02,19.4723
2015-08-03,21.1597
2015-08-04,21.4682
2015-08-05,21.235
2015-08-06,19.5044
2015-08-07,19.4274
2015-08-08,19.7803
2015-08-09,19.9816
2015-08-10,20.9952
2015-08-11,21.2446
2015-08-12,21.3464
2015-08-13,21.3929
2015-08-14,21.3012
2015-08-15,20.3693
2015-08-16,18.8694
2015-08-17,20.4603
2015-08-18,20.2432
2015-08-19,19.6223
2015-08-20,20.8515
2015-08-21,20.4434
2015-08-22,20.4767
2015-08-23,19.525
2015-08-24,18.8184
2015-08-25,21.0841
2015-08-26,20.1313
2015-08-27,19.9664
2015-08-28,19.0874
2015-08-29,19.8859
2015-08-30,20.811
2015-08-31,21.2896
2015-09-01,21.6913
2015-09-02,22.6221
2015-09-03,22.143
2015-09-04,21.8788
2015-09-05,21.3555
2015-09-06,21.3074
2015-09-07,20.8926
2015-09-08,19.8861
2015-09-09,19.8347
2015-09-10,17.9867
2015-09-11,19.3087
2015-09-12,20.3864
2015-09-13,20.6912
2015-09-14,20.737
2015-09-15,20.2424
2015-09-16,20.7231
2015-09-17,21.0513
2015-09-18,20.8374
2015-09-19,20.0224
2015-09-20,18.8751
2015-09-21,17.5596
2015-09-22,18.5879
2015-09-23,18.2953
2015-09-24,15.6523
2015-09-25,13.4274
2015-09-26,14.3308
2015-09-27,16.5386
2015-09-28,14.4104
2015-09-29,13.4733
2015-09-30,12.8427
2015-10-01,13.953
2015-10-02,15.4611
2015-10-03,12.1448
2015-10-04,9.6592
2015-10-05,16.6541
2015-10-06,16.4989
2015-10-07,18.8801
2015-10-08,18.9226
2015-10-09,15.4242
2015-10-10,15.1647
2015-10-11,15.8943
2015-10-12,20.3103
2015-10-13,17.4636
2015-10-14,14.8085
2015-10-15,14.2206
2015-10-16,17.1645
2015-10-17,19.641
2015-10-18,20.6552
2015-10-19,21.6933
2015-10-20,20.1663
2015-10-21,18.4689
2015-10-22,18.696
2015-10-23,19.945
2015-10-24,20.6789
2015-10-25,21.7551
2015-10-26,21.7982
2015-10-27,21.3314
2015-10-28,20.6853
2015-10-29,20.0899
2015-10-30,18.943
2015-10-31,17.7911
2016-07-01,20.0294
2016-07-02,19.8353
2016-07-03,19.1373
2016-07-04,19.1938
2016-07-05,21.0326
2016-07-06,20.3068
2016-07-07,20.5128
2016-07-08,20.336
2016-07-09,17.7875
2016-07-10,19.8083
2016-07-11,21.3782
2016-07-12,20.9513
2016-07-13,21.2668
2016-07-14,21.2259
2016-07-15,21.8204
2016-07-16,21.3293
2016-07-17,21.1919
2016-07-18,21.9259
2016-07-19,21.3981
2016-07-20,21.1842
2016-07-21,21.7548
2016-07-22,21.9084
2016-07-23,21.8959
2016-07-24,21.0124
2016-07-25,19.9054
2016-07-26,19.9667
2016-07-27,21.5704
2016-07-28,21.2449
2016-07-29,20.8594
2016-07-30,21.4217
2016-07-31,20.8307
2016-08-01,21.2373
2016-08-02,21.7197
2016-08-03,22.1578
2016-08-04,21.8591
2016-08-05,21.7319
2016-08-06,21.743
2016-08-07,21.3008
2016-08-08,21.7985
2016-08-09,21.2764
2016-08-10,20.4968
2016-08-11,21.5487
2016-08-12,21.9438
2016-08-13,22.2649
2016-08-14,22.1419
2016-08-15,22.4403
2016-08-16,22.8708
2016-08-17,20.9211
2016-08-18,20.3632
2016-08-19,20.1901
2016-08-20,20.2445
2016-08-21,20.4207
2016-08-22,20.3779
2016-08-23,21.2803
2016-08-24,22.5139
2016-08-25,21.5814
2016-08-26,22.1108
2016-08-27,22.2797
2016-08-28,21.5704
2016-08-29,22.1278
2016-08-30,20.1698
2016-08-31,19.6714
2016-09-01,20.8969
2016-09-02,21.1069
2016-09-03,19.9167
2016-09-04,20.3517
2016-09-05,21.5426
2016-09-06,21.1629
2016-09-07,22.3514
2016-09-08,21.2607
2016-09-09,20.3749
2016-09-10,20.6597
2016-09-11,19.6928
2016-09-12,19.3258
2016-09-13,19.6508
2016-09-14,19.3233
2016-09-15,19.8344
2016-09-16,19.2026
2016-09-17,19.9027
2016-09-18,18.8486
2016-09-19,18.3403
2016-09-20,19.6518
2016-09-21,20.4604
2016-09-22,19.2183
2016-09-23,18.3527
2016-09-24,19.1687
2016-09-25,19.2492
2016-09-26,20.0222
2016-09-27,20.1656
2016-09-28,19.1131
2016-09-29,18.2653
2016-09-30,17.4084
2016-10-01,16.6789
2016-10-02,15.6438
2016-10-03,19.9051
2016-10-04,19.9649
2016-10-05,18.4968
2016-10-06,19.1033
2016-10-07,17.3383
2016-10-08,13.8168
2016-10-09,12.81
2016-10-10,15.1415
2016-10-11,18.7365
2016-10-12,17.0381
2016-10-13,16.2892
2016-10-14,17.8566
2016-10-15,18.6068
2016-10-16,16.7197
2016-10-17,15.5542
2016-10-18,15.8418
2016-10-19,15.7837
2016-10-20,15.0077
2016-10-21,17.3645
2016-10-22,16.8184
2016-10-23,14.1
2016-10-24,13.7383
2016-10-25,14.7285
2016-10-26,13.4043
2016-10-27,13.3343
2016-10-28,12.5281
2016-10-29,9.3343
2016-10-30,6.3711
2016-10-31,7.8668
2017-07-01,16.8574
2017-07-02,16.365
2017-07-03,19.2578
2017-07-04,19.1637
2017-07-05,20.1117
2017-07-06,21.2495
2017-07-07,20.9029
2017-07-08,20.3841
2017-07-09,20.5713
2017-07-10,19.0743
2017-07-11,20.2666
2017-07-12,21.0495
2017-07-13,20.8014
2017-07-14,19.7754
2017-07-15,19.7142
2017-07-16,19.7072
2017-07-17,21.0082
2017-07-18,19.1708
2017-07-19,20.9964
2017-07-20,21.3154
2017-07-21,20.0654
2017-07-22,19.945
2017-07-23,19.9751
2017-07-24,21.6435
2017-07-25,20.9418
2017-07-26,21.1547
2017-07-27,21.1215
2017-07-28,20.5818
2017-07-29,19.3415
2017-07-30,21.2424
2017-07-31,19.7149
2017-08-01,19.6428
2017-08-02,18.7111
2017-08-03,20.1916
2017-08-04,21.4172
2017-08-05,20.8101
2017-08-06,20.2178
2017-08-07,21.0461
2017-08-08,19.8776
2017-08-09,18.5339
2017-08-10,19.7962
2017-08-11,19.9769
2017-08-12,18.6166
2017-08-13,18.7476
2017-08-14,17.3727
2017-08-15,19.6729
2017-08-16,19.7165
2017-08-17,19.3127
2017-08-18,20.8824
2017-08-19,20.0082
2017-08-20,21.2906
2017-08-21,21.0545
2017-08-22,20.8113
2017-08-23,20.7341
2017-08-24,19.1586
2017-08-25,18.5409
2017-08-26,20.5106
2017-08-27,18.732
2017-08-28,20.4205
2017-08-29,20.6504
2017-08-30,19.9403
2017-08-31,20.1014
2017-09-01,20.0364
2017-09-02,20.2737
2017-09-03,21.3943
2017-09-04,20.8518
2017-09-05,20.8908
2017-09-06,19.7151
2017-09-07,20.0797
2017-09-08,20.9365
2017-09-09,21.3765
2017-09-10,21.4042
2017-09-11,20.814
2017-09-12,20.2251
2017-09-13,20.4945
2017-09-14,20.6014
2017-09-15,19.076
2017-09-16,19.5544
2017-09-17,19.3365
2017-09-18,20.2451
2017-09-19,20.5542
2017-09-20,19.9985
2017-09-21,19.97
2017-09-22,19.6377
2017-09-23,18.1369
2017-09-24,18.5017
2017-09-25,18.2523
2017-09-26,18.8242
2017-09-27,17.3246
2017-09-28,16.2008
2017-09-29,17.7785
2017-09-30,18.6541
2017-10-01,17.171
2017-10-02,16.6289
2017-10-03,16.3481
2017-10-04,15.7649
2017-10-05,17.7437
2017-10-06,18.8037
2017-10-07,16.8652
2017-10-08,13.8704
2017-10-09,9.5121
2017-10-10,15.5802
2017-10-11,19.3383
2017-10-12,19.0754
2017-10-13,15.4083
2017-10-14,15.3419
2017-10-15,17.6015
2017-10-16,18.5981
2017-10-17,17.4882
2017-10-18,14.7704
2017-10-19,14.3262
2017-10-20,12.7778
2017-10-21,13.1143
2017-10-22,14.0195
2017-10-23,16.7969
2017-10-24,11.9315
2017-10-25,10.5926
2017-10-26,10.5142
2017-10-27,12.5052
2017-10-28,15.3155
2017-10-29,15.3155
2017-10-30,14.3663
2017-10-31,14.8145
2018-07-01,19.5052
2018-07-02,19.7411
2018-07-03,19.7634
2018-07-04,19.2936
2018-07-05,17.3749
2018-07-06,17.9039
2018-07-07,17.7561
2018-07-08,17.4515
2018-07-09,19.0392
2018-07-10,20.4364
2018-07-11,18.8644
2018-07-12,18.2685
2018-07-13,18.4435
2018-07-14,20.0006
2018-07-15,19.2027
2018-07-16,20.2372
2018-07-17,18.8697
2018-07-18,18.3524
2018-07-19,18.018
2018-07-20,18.1915
2018-07-21,18.8661
2018-07-22,19.7842
2018-07-23,21.2128
2018-07-24,19.497
2018-07-25,20.9759
2018-07-26,21.471
2018-07-27,21.7939
2018-07-28,21.6709
2018-07-29,21.3722
2018-07-30,21.8039
2018-07-31,22.0297
2018-08-01,21.1069
2018-08-02,21.9322
2018-08-03,21.1172
2018-08-04,21.5898
2018-08-05,22.0348
2018-08-06,21.6362
2018-08-07,21.0539
2018-08-08,20.4504
2018-08-09,20.3226
2018-08-10,19.9229
2018-08-11,19.9089
2018-08-12,20.1312
2018-08-13,21.0572
2018-08-14,20.7872
2018-08-15,20.1503
2018-08-16,20.8166
2018-08-17,21.0367
2018-08-18,21.1743
2018-08-19,20.7749
2018-08-20,21.1483
2018-08-21,21.5521
2018-08-22,21.787
2018-08-23,21.8406
2018-08-24,21.861
2018-08-25,21.6193
2018-08-26,21.522
2018-08-27,22.098
2018-08-28,21.6045
2018-08-29,20.149
2018-08-30,20.9052
2018-08-31,21.607
2018-09-01,20.9629
2018-09-02,22.2206
2018-09-03,22.2671
2018-09-04,20.0358
2018-09-05,20.0005
2018-09-06,22.2061
2018-09-07,21.9159
2018-09-08,21.2576
2018-09-09,21.6773
2018-09-10,21.9934
2018-09-11,21.837
2018-09-12,21.6809
2018-09-13,21.4986
2018-09-14,21.9144
2018-09-15,21.6728
2018-09-16,21.1334
2018-09-17,22.3188
2018-09-18,22.2844
2018-09-19,21.2718
2018-09-20,21.7407
2018-09-21,21.9448
2018-09-22,21.1335
2018-09-23,21.1073
2018-09-24,20.8605
2018-09-25,19.8053
2018-09-26,19.4611
2018-09-27,18.8119
2018-09-28,17.5059
2018-09-29,16.0396
2018-09-30,18.2133
2018-10-01,17.6715
2018-10-02,17.5363
2018-10-03,18.7967
2018-10-04,17.8986
2018-10-05,17.0442
2018-10-06,15.522
2018-10-07,18.7228
2018-10-08,19.0998
2018-10-09,17.7054
2018-10-10,18.8798
2018-10-11,19.7825
2018-10-12,17.1976
2018-10-13,16.0343
2018-10-14,15.435
2018-10-15,16.0717
2018-10-16,15.2998
2018-10-17,14.7512
2018-10-18,15.4894
2018-10-19,18.61
2018-10-20,17.8817
2018-10-21,16.1587
2018-10-22,15.0103
2018-10-23,14.7555
2018-10-24,17.7276
2018-10-25,15.9784
2018-10-26,12.5453
2018-10-27,12.1711
2018-10-28,13.4347
2018-10-29,16.7563
2018-10-30,14.5322
2018-10-31,14.8911
2019-07-01,19.2698
2019-07-02,19.1714
2019-07-03,20.3488
2019-07-04,20.1345
2019-07-05,20.259
2019-07-06,19.9764
2019-07-07,19.592
2019-07-08,19.5519
2019-07-09,19.8616
2019-07-10,19.9769
2019-07-11,20.1774
2019-07-12,19.6805
2019-07-13,19.4129
2019-07-14,19.4457
2019-07-15,18.1939
2019-07-16,18.7177
2019-07-17,19.8173
2019-07-18,18.3925
2019-07-19,19.0099
2019-07-20,18.1929
2019-07-21,19.0366
2019-07-22,20.7426
2019-07-23,20.649
2019-07-24,20.1216
2019-07-25,20.2892
2019-07-26,21.0898
2019-07-27,18.7689
2019-07-28,19.359
2019-07-29,20.6244
2019-07-30,19.8487
2019-07-31,19.7348
2019-08-01,19.057
2019-08-02,20.0063
2019-08-03,19.6533
2019-08-04,21.1709
2019-08-05,19.5852
2019-08-06,20.0923
2019-08-07,19.0636
2019-08-08,20.451
2019-08-09,21.6333
2019-08-10,21.9305
2019-08-11,21.8974
2019-08-12,15.6955
2019-08-13,21.7012
2019-08-14,22.121
2019-08-15,22.2599
2019-08-16,22.4784
2019-08-17,22.5733
2019-08-18,22.0524
2019-08-19,21.8468
2019-08-20,22.6052
2019-08-21,23.2152
2019-08-22,22.5998
2019-08-23,21.8162
2019-08-24,21.6494
2019-08-25,22.4568
2019-08-26,21.9161
2019-08-27,20.2946
2019-08-28,21.3132
2019-08-29,22.5797
2019-08-30,21.9166
2019-08-31,22.5163
2019-09-01,22.229
2019-09-02,22.9933
2019-09-03,22.7364
2019-09-04,22.5441
2019-09-05,21.5941
2019-09-06,22.2192
2019-09-07,22.4252
2019-09-08,22.2913
2019-09-09,21.1757
2019-09-10,20.7776
2019-09-11,20.277
2019-09-12,20.6436
2019-09-13,21.0856
2019-09-14,21.3997
2019-09-15,21.5106
2019-09-16,22.441
2019-09-17,22.2747
2019-09-18,20.969
2019-09-19,20.9542
2019-09-20,21.3387
2019-09-21,21.2515
2019-09-22,20.5048
2019-09-23,19.9561
2019-09-24,19.9311
2019-09-25,20.6996
2019-09-26,20.8386
2019-09-27,20.2795
2019-09-28,19.3759
2019-09-29,19.8688
2019-09-30,21.2711
2019-10-01,21.5731
2019-10-02,21.1119
2019-10-03,21.5226
2019-10-04,22.573
2019-10-05,22.3765
2019-10-06,22.5886
2019-10-07,23.2063
2019-10-08,22.1331
2019-10-09,21.9683
2019-10-10,21.8312
2019-10-11,22.2794
2019-10-12,22.238
2019-10-13,21.9063
2019-10-14,21.9165
2019-10-15,23.2972
2019-10-16,23.3515
2019-10-17,22.8021
2019-10-18,21.8747
2019-10-19,22.3989
2019-10-20,20.9912
2019-10-21,21.8721
2019-10-22,21.904
2019-10-23,22.2139
2019-10-24,22.618
2019-10-25,21.999
2019-10-26,17.958
2019-10-27,13.5867
2019-10-28,13.3364
2019-10-29,13.8235
2019-10-30,15.4829
2019-10-31,14.86
