date,potential_water_deficit
2002-07-01,-4.6066
2002-07-02,-2.9165
2002-07-03,7.5906
2002-07-04,-2.2922
2002-07-05,-2.8745
2002-07-06,-4.201
2002-07-07,-2.745
2002-07-08,6.1314
2002-07-09,-3.0138
2002-07-10,-2.6801
2002-07-11,-4.1539
2002-07-12,-2.8529
2002-07-13,-4.5996
2002-07-14,-3.2704
2002-07-15,3.8772
2002-07-16,-3.7933
2002-07-17,3.1813
2002-07-18,3.8144
2002-07-19,-3.549
2002-07-20,-1.5319
2002-07-21,0.2456
2002-07-22,-3.8534
2002-07-23,-1.5387
2002-07-24,5.72
2002-07-25,6.0212
2002-07-26,0.0816
2002-07-27,8.1114
2002-07-28,-3.1111
2002-07-29,1.5272
2002-07-30,2.4782
2002-07-31,2.6832
2002-08-01,-3.4738
2002-08-02,1.4265
2002-08-03,5.7806
2002-08-04,9.8881
2002-08-05,-3.1187
2002-08-06,-1.8239
2002-08-07,4.7173
2002-08-08,5.0293
2002-08-09,4.5709
2002-08-10,-3.6502
2002-08-11,6.6843
2002-08-12,1.0858
2002-08-13,4.2299
2002-08-14,-3.899
2002-08-15,-3.3639
2002-08-16,5.9524
2002-08-17,-2.5811
2002-08-18,1.2185
2002-08-19,-1.7697
2002-08-20,5.9356
2002-08-21,-2.0984
2002-08-22,12.5406
2002-08-23,0.2121
2002-08-24,2.0896
2002-08-25,0.0623
2002-08-26,0.4981
2002-08-27,2.6365
2002-08-28,-4.5951
2002-08-29,-3.5384
2002-08-30,7.9663
2002-08-31,1.6691
2002-09-01,3.3206
2002-09-02,7.4811
2002-09-03,-1.1519
2002-09-04,-2.6164
2002-09-05,-2.8377
2002-09-06,-4.3098
2002-09-07,-4.5916
2002-09-08,1.4213
2002-09-09,1.9832
2002-09-10,-1.1656
2002-09-11,0.0221
2002-09-12,1.8367
2002-09-13,-3.7959
2002-09-14,-0.8889
2002-09-15,4.2191
2002-09-16,-1.1671
2002-09-17,2.8298
2002-09-18,-2.3214
2002-09-19,-1.8925
2002-09-20,-4.9256
2002-09-21,-4.7117
2002-09-22,-4.8707
2002-09-23,-4.1081
2002-09-24,-2.7296
2002-09-25,-2.5363
2002-09-26,-2.6046
2002-09-27,6.1621
2002-09-28,-4.4439
2002-09-29,-4.1088
2002-09-30,-4.6122
2002-10-01,8.2355
2002-10-02,1.461
2002-10-03,-2.2176
2002-10-04,-0.8286
2002-10-05,4.1372
2002-10-06,-1.4083
2002-10-07,0.3547
2002-10-08,0.5988
2002-10-09,-4.6961
2002-10-10,-4.4878
2002-10-11,-4.5615
2002-10-12,-4.1642
2002-10-13,-3.1798
2002-10-14,4.2458
2002-10-15,-4.1846
2002-10-16,-4.144
2002-10-17,-2.9507
2002-10-18,-3.1023
2002-10-19,-4.2768
2002-10-20,-3.5753
2002-10-21,-0.1112
2002-10-22,-3.9829
2002-10-23,-4.7854
2002-10-24,1.2097
2002-10-25,2.5485
2002-10-26,2.658
2002-10-27,-3.8382
2002-10-28,-2.0234
2002-10-29,2.9751
2002-10-30,5.5475
2002-10-31,1.8558
2003-07-01,1.0851
2003-07-02,0.9332
2003-07-03,5.5754
2003-07-04,-3.0097
2003-07-05,1.7144
2003-07-06,-0.2445
2003-07-07,3.4765
2003-07-08,3.7125
2003-07-09,-2.7958
2003-07-10,-0.7575
2003-07-11,3.1409
2003-07-12,-2.1055
2003-07-13,4.6719
2003-07-14,6.0345
2003-07-15,-4.5051
2003-07-16,-1.0197
2003-07-17,5.3258
2003-07-18,9.5283
2003-07-19,12.0887
2003-07-20,-1.9645
2003-07-21,15.4642
2003-07-22,0.8161
2003-07-23,-2.7014
2003-07-24,8.8556
2003-07-25,0.3315
2003-07-26,-1.5485
2003-07-27,4.0863
2003-07-28,-1.2004
2003-07-29,3.7803
2003-07-30,4.7158
2003-07-31,13.9709
2003-08-01,7.0418
2003-08-02,-2.2217
2003-08-03,21.0492
2003-08-04,-3.1612
2003-08-05,-1.4608
2003-08-06,0.704
2003-08-07,3.4848
2003-08-08,-0.7978
2003-08-09,17.1749
2003-08-10,5.1826
2003-08-11,-3.188
2003-08-12,-4.0695
2003-08-13,-4.2256
2003-08-14,11.0023
2003-08-15,12.9978
2003-08-16,2.47
2003-08-17,-2.6821
2003-08-18,14.3064
2003-08-19,10.7154
2003-08-20,-3.5795
2003-08-21,4.8681
2003-08-22,2.0842
2003-08-23,2.8569
2003-08-24,9.5795
2003-08-25,8.9278
2003-08-26,-1.3282
2003-08-27,-1.4557
2003-08-28,6.7899
2003-08-29,0.7437
2003-08-30,-2.3559
2003-08-31,0.8834
2003-09-01,-1.478
2003-09-02,9.7825
2003-09-03,-3.1345
2003-09-04,9.4842
2003-09-05,-0.5255
2003-09-06,0.015
2003-09-07,3.3381
2003-09-08,4.2588
2003-09-09,4.0395
2003-09-10,4.8397
2003-09-11,0.7326
2003-09-12,-4.7131
2003-09-13,0.1008
2003-09-14,6.8334
2003-09-15,7.2864
2003-09-16,-1.8472
2003-09-17,-2.9249
2003-09-18,-1.6828
2003-09-19,-1.7306
2003-09-20,-0.5182
2003-09-21,-4.3842
2003-09-22,0.9959
2003-09-23,6.3713
2003-09-24,-2.0289
2003-09-25,-3.8306
2003-09-26,-2.0309
2003-09-27,8.1071
2003-09-28,1.8194
2003-09-29,-3.9456
2003-09-30,-2.9144
2003-10-01,-3.1803
2003-10-02,-1.8715
2003-10-03,4.4235
2003-10-04,-1.7597
2003-10-05,-4.6566
2003-10-06,-1.9399
2003-10-07,3.3887
2003-10-08,-1.7181
2003-10-09,-1.9822
2003-10-10,4.7794
2003-10-11,2.7112
2003-10-12,1.3553
2003-10-13,-2.5104
2003-10-14,2.6432
2003-10-15,-3.2232
2003-10-16,-3.9506
2003-10-17,9.441
2003-10-18,-3.5498
2003-10-19,-4.1511
2003-10-20,3.3072
2003-10-21,-1.3636
2003-10-22,-3.3573
2003-10-23,-3.3334
2003-10-24,-4.1697
2003-10-25,-2.7148
2003-10-26,-5.1517
2003-10-27,-5.3741
2003-10-28,-4.0165
2003-10-29,-3.5677
2003-10-30,6.4309
2003-10-31,-1.5556
2004-07-01,-0.206
2004-07-02,-2.3222
2004-07-03,-4.9023
2004-07-04,-3.9891
2004-07-05,-2.7945
2004-07-06,6.5149
2004-07-07,6.6008
2004-07-08,0.4143
2004-07-09,-2.6017
2004-07-10,9.3323
2004-07-11,1.95
2004-07-12,-4.2141
2004-07-13,3.0281
2004-07-14,-2.2635
2004-07-15,0.6668
2004-07-16,-0.478
2004-07-17,7.7707
2004-07-18,3.04
2004-07-19,-0.0935
2004-07-20,-1.9503
2004-07-21,-3.8577
2004-07-22,3.9873
2004-07-23,7.8045
2004-07-24,-2.9205
2004-07-25,-2.7325
2004-07-26,0.4714
2004-07-27,4.4502
2004-07-28,2.4782
2004-07-29,2.0563
2004-07-30,2.1304
2004-07-31,-2.0996
2004-08-01,-2.936
2004-08-02,-1.472
2004-08-03,-0.7764
2004-08-04,1.1258
2004-08-05,1.2876
2004-08-06,-1.634
2004-08-07,11.3562
2004-08-08,6.9434
2004-08-09,-3.2377
2004-08-10,-3.1997
2004-08-11,0.0476
2004-08-12,5.444
2004-08-13,-3.8478
2004-08-14,-1.145
2004-08-15,0.621
2004-08-16,-0.4399
2004-08-17,7.3142
2004-08-18,10.3815
2004-08-19,5.5815
2004-08-20,3.2811
2004-08-21,1.7629
2004-08-22,-1.8388
2004-08-23,-0.1648
2004-08-24,-1.937
2004-08-25,5.2907
2004-08-26,-0.9434
2004-08-27,-0.4211
2004-08-28,-3.0398
2004-08-29,-3.6042
2004-08-30,-5.1419
2004-08-31,7.7796
2004-09-01,-3.8258
2004-09-02,0.9206
2004-09-03,1.7071
2004-09-04,-1.3372
2004-09-05,-3.7585
2004-09-06,5.1339
2004-09-07,1.7178
2004-09-08,3.0187
2004-09-09,-4.9409
2004-09-10,-3.2874
2004-09-11,2.4278
2004-09-12,-4.2568
2004-09-13,-2.8839
2004-09-14,4.9179
2004-09-15,-4.7381
2004-09-16,-3.8064
2004-09-17,-4.5859
2004-09-18,-3.5943
2004-09-19,-1.7635
2004-09-20,-3.9624
2004-09-21,-0.6982
2004-09-22,0.0299
2004-09-23,8.392
2004-09-24,-0.354
2004-09-25,-2.137
2004-09-26,-1.0765
2004-09-27,-1.8312
2004-09-28,-0.5458
2004-09-29,6.6435
2004-09-30,2.663
2004-10-01,5.4498
2004-10-02,0.353
2004-10-03,-2.6225
2004-10-04,-4.9243
2004-10-05,-4.4118
2004-10-06,-4.7886
2004-10-07,-4.9099
2004-10-08,-4.1914
2004-10-09,-3.0218
2004-10-10,0.4169
2004-10-11,-3.1058
2004-10-12,-0.4317
2004-10-13,-3.9128
2004-10-14,-4.569
2004-10-15,-0.7295
2004-10-16,-1.7099
2004-10-17,-3.2942
2004-10-18,-4.4598
2004-10-19,-4.9425
2004-10-20,-4.2725
2004-10-21,-2.4069
2004-10-22,-3.5412
2004-10-23,-4.511
2004-10-24,-5.6974
2004-10-25,-0.9553
2004-10-26,-3.3503
2004-10-27,3.0942
2004-10-28,-4.1167
2004-10-29,-3.7578
2004-10-30,4.4629
2004-10-31,-4.3899
2005-07-01,-3.9534
2005-07-02,0.6983
2005-07-03,5.8779
2005-07-04,7.401
2005-07-05,1.6563
2005-07-06,11.7181
2005-07-07,-0.5861
2005-07-08,-0.1683
2005-07-09,11.093
2005-07-10,2.3017
2005-07-11,-4.2632
2005-07-12,1.0145
2005-07-13,7.1847
2005-07-14,-4.7303
2005-07-15,-2.61
2005-07-16,14.9437
2005-07-17,-1.2995
2005-07-18,-1.755
2005-07-19,-3.4611
2005-07-20,-4.1824
2005-07-21,10.1687
2005-07-22,3.5857
2005-07-23,-4.6224
2005-07-24,18.6445
2005-07-25,-1.7038
2005-07-26,9.7518
2005-07-27,-1.2945
2005-07-28,9.8209
2005-07-29,10.5653
2005-07-30,-0.7189
2005-07-31,2.05
2005-08-01,-4.0426
2005-08-02,1.9955
2005-08-03,9.18
2005-08-04,-1.4689
2005-08-05,-2.9764
2005-08-06,3.7088
2005-08-07,-4.6303
2005-08-08,7.2381
2005-08-09,-0.2772
2005-08-10,-0.8576
2005-08-11,-3.7393
2005-08-12,0.9411
2005-08-13,8.028
2005-08-14,-3.8084
2005-08-15,3.7238
2005-08-16,12.9244
2005-08-17,3.3731
2005-08-18,0.7009
2005-08-19,1.0198
2005-08-20,8.5998
2005-08-21,7.0415
2005-08-22,1.7677
2005-08-23,-4.2572
2005-08-24,5.1407
2005-08-25,5.4093
2005-08-26,7.3864
2005-08-27,4.7249
2005-08-28,-2.1185
2005-08-29,-2.4703
2005-08-30,2.282
2005-08-31,8.0211
2005-09-01,-4.5781
2005-09-02,-0.2711
2005-09-03,-4.2119
2005-09-04,-3.302
2005-09-05,-2.349
2005-09-06,4.3483
2005-09-07,0.0582
2005-09-08,3.5869
2005-09-09,2.9781
2005-09-10,10.7066
2005-09-11,9.0424
2005-09-12,2.5773
2005-09-13,-0.6707
2005-09-14,3.0534
2005-09-15,-0.8904
2005-09-16,-3.1253
2005-09-17,-3.1522
2005-09-18,2.0434
2005-09-19,-4.7484
2005-09-20,-1.3254
2005-09-21,2.0931
2005-09-22,-4.4417
2005-09-23,-4.2771
2005-09-24,-4.3465
2005-09-25,-5.0564
2005-09-26,-3.1132
2005-09-27,1.0141
2005-09-28,2.4691
2005-09-29,-4.7707
2005-09-30,-0.7101
2005-10-01,3.0994
2005-10-02,-3.8016
2005-10-03,-3.5753
2005-10-04,-4.5029
2005-10-05,3.8343
2005-10-06,5.3059
2005-10-07,-0.3295
2005-10-08,0.5549
2005-10-09,-2.3752
2005-10-10,-4.3083
2005-10-11,0.8864
2005-10-12,4.5511
2005-10-13,-1.0324
2005-10-14,4.6136
2005-10-15,-3.7206
2005-10-16,2.9189
2005-10-17,4.3713
2005-10-18,-2.9118
2005-10-19,-2.6073
2005-10-20,5.3948
2005-10-21,3.1507
2005-10-22,0.8495
2005-10-23,-4.0443
2005-10-24,-0.4725
2005-10-25,-1.097
2005-10-26,-0.3528
2005-10-27,-0.9663
2005-10-28,7.9222
2005-10-29,-2.787
2005-10-30,-3.7608
2005-10-31,-3.5862
2006-07-01,-2.6838
2006-07-02,1.7066
2006-07-03,-2.2765
2006-07-04,-0.1096
2006-07-05,-1.5397
2006-07-06,-2.022
2006-07-07,4.2034
2006-07-08,6.1425
2006-07-09,-0.12
2006-07-10,-3.359
2006-07-11,-2.0073
2006-07-12,-2.1147
2006-07-13,-4.0086
2006-07-14,-4.5935
2006-07-15,-2.6013
2006-07-16,-4.4293
2006-07-17,-4.9903
2006-07-18,1.676
2006-07-19,4.9469
2006-07-20,3.199
2006-07-21,-3.0957
2006-07-22,-0.3625
2006-07-23,11.3145
2006-07-24,-1.5964
2006-07-25,-1.6532
2006-07-26,-2.6623
2006-07-27,0.6616
2006-07-28,2.4127
2006-07-29,4.1557
2006-07-30,1.8718
2006-07-31,-1.4315
2006-08-01,-0.9145
2006-08-02,0.1353
2006-08-03,1.8233
2006-08-04,10.2645
2006-08-05,0.8526
2006-08-06,8.7173
2006-08-07,3.3663
2006-08-08,11.6277
2006-08-09,8.5011
2006-08-10,-1.9789
2006-08-11,-3.5895
2006-08-12,-1.1952
2006-08-13,-0.2514
2006-08-14,9.947
2006-08-15,-2.6764
2006-08-16,2.7645
2006-08-17,-3.3094
2006-08-18,-3.0806
2006-08-19,4.0741
2006-08-20,2.4337
2006-08-21,2.8397
2006-08-22,-1.1034
2006-08-23,-1.2474
2006-08-24,4.4336
2006-08-25,8.9616
2006-08-26,0.8382
2006-08-27,0.0263
2006-08-28,-4.8241
2006-08-29,5.4132
2006-08-30,-4.4519
2006-08-31,-4.0771
2006-09-01,-1.773
2006-09-02,11.4134
2006-09-03,-2.2254
2006-09-04,-3.4471
2006-09-05,9.5861
2006-09-06,8.9622
2006-09-07,-3.2258
2006-09-08,-3.1477
2006-09-09,0.9205
2006-09-10,2.286
2006-09-11,1.5338
2006-09-12,-3.0536
2006-09-13,-0.8976
2006-09-14,1.2398
2006-09-15,1.98
2006-09-16,-1.8924
2006-09-17,-1.1026
2006-09-18,-4.1428
2006-09-19,-3.7253
2006-09-20,-2.7895
2006-09-21,10.0668
2006-09-22,0.1258
2006-09-23,-0.0173
2006-09-24,0.6378
2006-09-25,-1.6719
2006-09-26,-1.2599
2006-09-27,-1.798
2006-09-28,5.4447
2006-09-29,-4.499
2006-09-30,-1.7091
2006-10-01,10.1186
2006-10-02,-4.4752
2006-10-03,-3.1555
2006-10-04,2.6098
2006-10-05,-3.3176
2006-10-06,-4.3364
2006-10-07,-3.0938
2006-10-08,-3.3041
2006-10-09,-3.5782
2006-10-10,-2.5448
2006-10-11,-4.0675
2006-10-12,-4.8357
2006-10-13,-5.1002
2006-10-14,-5.4932
2006-10-15,-4.5991
2006-10-16,-3.6763
2006-10-17,-3.6479
2006-10-18,-1.2939
2006-10-19,-1.1417
2006-10-20,0.5656
2006-10-21,-4.0638
2006-10-22,3.2764
2006-10-23,2.5549
2006-10-24,-2.2265
2006-10-25,-3.224
2006-10-26,-2.5633
2006-10-27,6.5025
2006-10-28,-3.0441
2006-10-29,-4.442
2006-10-30,-1.5725
2006-10-31,-1.0773
2007-07-01,3.1065
2007-07-02,-1.881
2007-07-03,6.0816
2007-07-04,8.9364
2007-07-05,12.5737
2007-07-06,3.2731
2007-07-07,3.2333
2007-07-08,-1.1395
2007-07-09,-0.8886
2007-07-10,9.2593
2007-07-11,0.9287
2007-07-12,13.9808
2007-07-13,10.7158
2007-07-14,-3.4597
2007-07-15,-4.1053
2007-07-16,3.4694
2007-07-17,11.9021
2007-07-18,1.6502
2007-07-19,-3.7626
2007-07-20,-4.7135
2007-07-21,-2.3972
2007-07-22,-4.2376
2007-07-23,-4.0455
2007-07-24,-1.9152
2007-07-25,13.6693
2007-07-26,4.3408
2007-07-27,-4.0389
2007-07-28,0.214
2007-07-29,18.278
2007-07-30,2.2946
2007-07-31,-1.1017
2007-08-01,0.1134
2007-08-02,2.2484
2007-08-03,-2.2988
2007-08-04,-1.1155
2007-08-05,15.8742
2007-08-06,-3.3673
2007-08-07,11.0335
2007-08-08,3.9027
2007-08-09,-0.8148
2007-08-10,3.2245
2007-08-11,-2.3351
2007-08-12,-0.6456
2007-08-13,0.0594
2007-08-14,3.0141
2007-08-15,9.8319
2007-08-16,-1.8185
2007-08-17,3.6571
2007-08-18,-2.7443
2007-08-19,-2.5554
2007-08-20,-2.8299
2007-08-21,-2.4228
2007-08-22,4.2232
2007-08-23,2.8723
2007-08-24,-4.0256
2007-08-25,-4.4716
2007-08-26,6.3453
2007-08-27,10.1932
2007-08-28,3.442
2007-08-29,-0.536
2007-08-30,-0.3363
2007-08-31,8.5213
2007-09-01,6.4811
2007-09-02,5.2007
2007-09-03,3.5525
2007-09-04,15.9721
2007-09-05,3.2955
2007-09-06,-1.2303
2007-09-07,-3.1076
2007-09-08,6.791
2007-09-09,5.8038
2007-09-10,-3.0316
2007-09-11,3.3416
2007-09-12,1.2899
2007-09-13,-4.068
2007-09-14,-4.3892
2007-09-15,-1.3004
2007-09-16,-4.3006
2007-09-17,-4.2416
2007-09-18,1.6745
2007-09-19,-0.3636
2007-09-20,-4.7445
2007-09-21,-1.6431
2007-09-22,1.0707
2007-09-23,-4.7243
2007-09-24,-4.0755
2007-09-25,-1.0323
2007-09-26,1.6176
2007-09-27,1.3756
2007-09-28,-5.0119
2007-09-29,-5.2296
2007-09-30,-1.509
2007-10-01,6.2949
2007-10-02,2.6412
2007-10-03,-4.1816
2007-10-04,-3.5411
2007-10-05,1.1556
2007-10-06,0.4384
2007-10-07,-4.0887
2007-10-08,-2.3962
2007-10-09,2.2725
2007-10-10,4.3849
2007-10-11,-4.3768
2007-10-12,-4.5436
2007-10-13,-5.0743
2007-10-14,-4.7359
2007-10-15,-2.3375
2007-10-16,-3.5664
2007-10-17,-2.8899
2007-10-18,-1.2207
2007-10-19,-1.3276
2007-10-20,-2.6495
2007-10-21,7.7676
2007-10-22,4.691
2007-10-23,-4.1938
2007-10-24,-4.3966
2007-10-25,-4.6393
2007-10-26,-3.7866
2007-10-27,-5.0125
2007-10-28,-4.9564
2007-10-29,-5.4404
2007-10-30,-5.1926
2007-10-31,-2.273
2008-07-01,-4.8218
2008-07-02,1.3429
2008-07-03,11.9629
2008-07-04,-0.8638
2008-07-05,-4.3285
2008-07-06,-0.7818
2008-07-07,5.7133
2008-07-08,-3.4982
2008-07-09,7.1647
2008-07-10,9.5787
2008-07-11,3.6984
2008-07-12,0.1523
2008-07-13,9.2072
2008-07-14,5.8976
2008-07-15,0.4203
2008-07-16,4.8018
2008-07-17,1.156
2008-07-18,10.9156
2008-07-19,4.2709
2008-07-20,-1.853
2008-07-21,-0.2119
2008-07-22,-1.2562
2008-07-23,4.3476
2008-07-24,12.392
2008-07-25,-1.7465
2008-07-26,2.836
2008-07-27,-1.1621
2008-07-28,6.6419
2008-07-29,5.8778
2008-07-30,6.3987
2008-07-31,0.7801
2008-08-01,-0.9222
2008-08-02,2.4101
2008-08-03,8.294
2008-08-04,4.7903
2008-08-05,6.5167
2008-08-06,4.3986
2008-08-07,5.4266
2008-08-08,-2.1554
2008-08-09,-0.2308
2008-08-10,1.5973
2008-08-11,0.8952
2008-08-12,6.3566
2008-08-13,-2.1054
2008-08-14,-4.1739
2008-08-15,4.5987
2008-08-16,10.0359
2008-08-17,4.018
2008-08-18,0.7751
2008-08-19,2.6772
2008-08-20,13.3971
2008-08-21,-2.2974
2008-08-22,-2.8314
2008-08-23,-3.5424
2008-08-24,0.9029
2008-08-25,4.5538
2008-08-26,-4.0844
2008-08-27,4.0537
2008-08-28,1.3571
2008-08-29,-1.8924
2008-08-30,-1.216
2008-08-31,2.1175
2008-09-01,-1.4714
2008-09-02,0.7606
2008-09-03,5.9678
2008-09-04,-3.6145
2008-09-05,7.5284
2008-09-06,-1.5822
2008-09-07,-1.1319
2008-09-08,0.2232
2008-09-09,-2.6318
2008-09-10,-1.2067
2008-09-11,5.9473
2008-09-12,11.4322
2008-09-13,-2.6319
2008-09-14,-1.0141
2008-09-15,-2.6394
2008-09-16,5.5681
2008-09-17,-0.4806
2008-09-18,-0.0369
2008-09-19,-4.5273
2008-09-20,0.1438
2008-09-21,-3.5413
2008-09-22,-3.5394
2008-09-23,-4.6113
2008-09-24,-1.8253
2008-09-25,1.4012
2008-09-26,-1.9406
2008-09-27,-4.6965
2008-09-28,-5.4416
2008-09-29,-2.0245
2008-09-30,7.5823
2008-10-01,-1.0559
2008-10-02,-4.3846
2008-10-03,1.0864
2008-10-04,-2.0168
2008-10-05,5.4185
2008-10-06,-3.8364
2008-10-07,-3.2457
2008-10-08,-0.3839
2008-10-09,6.2771
2008-10-10,-3.5177
2008-10-11,-3.5944
2008-10-12,-3.3545
2008-10-13,17.0638
2008-10-14,1.9128
2008-10-15,-4.5326
2008-10-16,-1.2138
2008-10-17,1.3072
2008-10-18,-3.9671
2008-10-19,-4.6637
2008-10-20,0.9219
2008-10-21,-2.1174
2008-10-22,-3.0144
2008-10-23,-3.7239
2008-10-24,-4.294
2008-10-25,-4.3925
2008-10-26,-4.2408
2008-10-27,-4.8282
2008-10-28,-3.6093
2008-10-29,-4.5287
2008-10-30,-5.01
2008-10-31,-5.2078
2009-07-01,-0.578
2009-07-02,-1.4317
2009-07-03,-2.9057
2009-07-04,2.9443
2009-07-05,-2.0895
2009-07-06,-1.0327
2009-07-07,0.6725
2009-07-08,4.9093
2009-07-09,-0.7791
2009-07-10,0.4053
2009-07-11,-2.0439
2009-07-12,-4.5916
2009-07-13,-4.4757
2009-07-14,-4.2898
2009-07-15,-4.2533
2009-07-16,-3.9596
2009-07-17,2.6682
2009-07-18,18.4085
2009-07-19,-3.1601
2009-07-20,-3.1575
2009-07-21,-1.0268
2009-07-22,5.4062
2009-07-23,-0.5488
2009-07-24,-1.5583
2009-07-25,8.3204
2009-07-26,0.9624
2009-07-27,0.5943
2009-07-28,7.154
2009-07-29,-3.5256
2009-07-30,-4.5975
2009-07-31,-2.5324
2009-08-01,5.269
2009-08-02,-0.9803
2009-08-03,-0.8088
2009-08-04,-3.3035
2009-08-05,-4.4655
2009-08-06,4.5673
2009-08-07,7.7739
2009-08-08,-0.6516
2009-08-09,-0.4061
2009-08-10,4.3425
2009-08-11,-3.1716
2009-08-12,-1.5409
2009-08-13,-1.5907
2009-08-14,1.1645
2009-08-15,-2.0027
2009-08-16,8.3383
2009-08-17,-2.8253
2009-08-18,-2.9593
2009-08-19,11.6014
2009-08-20,-0.0133
2009-08-21,-4.0753
2009-08-22,7.2158
2009-08-23,5.9972
2009-08-24,2.9331
2009-08-25,0.5151
2009-08-26,-2.7861
2009-08-27,-3.6222
2009-08-28,-2.7924
2009-08-29,-3.3166
2009-08-30,-3.7643
2009-08-31,-0.2371
2009-09-01,-0.6764
2009-09-02,4.7217
2009-09-03,2.2275
2009-09-04,-3.5634
2009-09-05,-1.6184
2009-09-06,0.9002
2009-09-07,12.5304
2009-09-08,0.2182
2009-09-09,-2.0697
2009-09-10,1.8823
2009-09-11,1.9831
2009-09-12,-3.7218
2009-09-13,-3.422
2009-09-14,-0.2711
2009-09-15,6.3498
2009-09-16,1.9357
2009-09-17,3.1385
2009-09-18,3.9729
2009-09-19,1.2618
2009-09-20,-4.0293
2009-09-21,-0.5647
2009-09-22,-2.1024
2009-09-23,-3.5181
2009-09-24,-4.5711
2009-09-25,0.1945
2009-09-26,-2.3211
2009-09-27,-2.0262
2009-09-28,1.455
2009-09-29,2.9372
2009-09-30,-1.1581
2009-10-01,-3.7839
2009-10-02,3.6384
2009-10-03,-3.9116
2009-10-04,-3.9367
2009-10-05,-0.4386
2009-10-06,-4.2886
2009-10-07,6.5679
2009-10-08,7.1572
2009-10-09,-3.656
2009-10-10,-3.4169
2009-10-11,-4.491
2009-10-12,-4.4506
2009-10-13,-3.5541
2009-10-14,-4.7259
2009-10-15,-1.7333
2009-10-16,0.4657
2009-10-17,-3.5881
2009-10-18,0.3525
2009-10-19,-2.9824
2009-10-20,-3.8371
2009-10-21,-2.1048
2009-10-22,0.4301
2009-10-23,-4.7289
2009-10-24,-2.1703
2009-10-25,4.8287
2009-10-26,-2.0259
2009-10-27,-4.8201
2009-10-28,-4.4609
2009-10-29,-3.1715
2009-10-30,-3.9995
2009-10-31,-3.6713
2010-07-01,-5.0594
2010-07-02,-1.417
2010-07-03,10.4992
2010-07-04,3.19
2010-07-05,-4.0312
2010-07-06,-4.4238
2010-07-07,-2.1797
2010-07-08,7.0796
2010-07-09,-0.7369
2010-07-10,-3.0255
2010-07-11,-3.6198
2010-07-12,-3.7021
2010-07-13,3.6023
2010-07-14,8.7093
2010-07-15,-1.5368
2010-07-16,2.3491
2010-07-17,-1.0445
2010-07-18,6.8392
2010-07-19,-0.7208
2010-07-20,7.5912
2010-07-21,-2.1372
2010-07-22,6.3259
2010-07-23,2.7077
2010-07-24,8.2369
2010-07-25,6.5306
2010-07-26,9.6699
2010-07-27,-0.5081
2010-07-28,-3.4724
2010-07-29,-0.7961
2010-07-30,1.3396
2010-07-31,3.787
2010-08-01,-2.2941
2010-08-02,-4.0921
2010-08-03,-4.3519
2010-08-04,-3.9257
2010-08-05,-3.6058
2010-08-06,-4.4705
2010-08-07,-3.4926
2010-08-08,-3.6694
2010-08-09,1.0557
2010-08-10,7.9563
2010-08-11,13.2907
2010-08-12,-2.4644
2010-08-13,-4.5149
2010-08-14,-3.4216
2010-08-15,2.1802
2010-08-16,-4.1361
2010-08-17,5.5936
2010-08-18,-2.37
2010-08-19,-4.1114
2010-08-20,3.8116
2010-08-21,1.119
2010-08-22,6.067
2010-08-23,15.6679
2010-08-24,3.1502
2010-08-25,-1.9497
2010-08-26,13.6535
2010-08-27,1.5618
2010-08-28,-3.8671
2010-08-29,3.0699
2010-08-30,5.8431
2010-08-31,4.1756
2010-09-01,-3.7581
2010-09-02,-1.4463
2010-09-03,-2.6753
2010-09-04,-0.5679
2010-09-05,4.6664
2010-09-06,-3.4221
2010-09-07,7.0395
2010-09-08,-1.5478
2010-09-09,-0.844
2010-09-10,-3.8914
2010-09-11,4.9668
2010-09-12,2.8497
2010-09-13,-0.0825
2010-09-14,9.9532
2010-09-15,-2.8357
2010-09-16,-3.6762
2010-09-17,3.6142
2010-09-18,-2.0093
2010-09-19,-4.2595
2010-09-20,6.1203
2010-09-21,7.8323
2010-09-22,-3.6958
2010-09-23,0.2291
2010-09-24,0.1085
2010-09-25,4.5406
2010-09-26,-1.7251
2010-09-27,-4.3494
2010-09-28,-4.1436
2010-09-29,-4.011
2010-09-30,-4.5898
2010-10-01,2.3895
2010-10-02,-2.0456
2010-10-03,-4.7598
2010-10-04,-3.622
2010-10-05,3.1733
2010-10-06,-0.7195
2010-10-07,-2.9732
2010-10-08,-4.0579
2010-10-09,7.383
2010-10-10,-2.489
2010-10-11,-4.3311
2010-10-12,-4.3981
2010-10-13,-3.3636
2010-10-14,-1.5785
2010-10-15,6.3271
2010-10-16,-1.5929
2010-10-17,-3.8548
2010-10-18,-1.3795
2010-10-19,-1.6982
2010-10-20,-0.3297
2010-10-21,0.8257
2010-10-22,-4.4918
2010-10-23,-3.7625
2010-10-24,0.5354
2010-10-25,-1.0273
2010-10-26,-4.0568
2010-10-27,-3.8001
2010-10-28,3.2819
2010-10-29,0.1368
2010-10-30,-3.7297
2010-10-31,-4.0547
2011-07-01,-4.3882
2011-07-02,-4.708
2011-07-03,-2.3619
2011-07-04,-3.5883
2011-07-05,-0.5282
2011-07-06,-4.677
2011-07-07,-2.6646
2011-07-08,6.3659
2011-07-09,-3.6478
2011-07-10,-4.0517
2011-07-11,-0.3959
2011-07-12,10.2262
2011-07-13,-2.6172
2011-07-14,-2.9698
2011-07-15,-2.1868
2011-07-16,-4.7965
2011-07-17,1.2027
2011-07-18,0.5597
2011-07-19,-0.2168
2011-07-20,1.9541
2011-07-21,10.5686
2011-07-22,2.8817
2011-07-23,-2.3654
2011-07-24,-1.0552
2011-07-25,6.0839
2011-07-26,9.6595
2011-07-27,-4.2765
2011-07-28,8.0773
2011-07-29,13.7887
2011-07-30,2.2271
2011-07-31,-0.9199
2011-08-01,-3.7991
2011-08-02,3.5789
2011-08-03,9.5756
2011-08-04,1.2857
2011-08-05,-0.758
2011-08-06,0.5612
2011-08-07,9.3341
2011-08-08,4.6013
2011-08-09,-3.5919
2011-08-10,0.3418
2011-08-11,5.2971
2011-08-12,-1.5915
2011-08-13,4.2049
2011-08-14,-4.0848
2011-08-15,0.5303
2011-08-16,6.9304
2011-08-17,-3.2867
2011-08-18,-2.3554
2011-08-19,-2.6792
2011-08-20,-1.7406
2011-08-21,-2.6697
2011-08-22,-1.3512
2011-08-23,10.1413
2011-08-24,2.2181
2011-08-25,0.3448
2011-08-26,11.0445
2011-08-27,12.5463
2011-08-28,-0.033
2011-08-29,3.6325
2011-08-30,7.0567
2011-08-31,2.2873
2011-09-01,-0.5199
2011-09-02,4.4674
2011-09-03,7.4524
2011-09-04,-1.3354
2011-09-05,-3.7001
2011-09-06,3.3933
2011-09-07,11.8308
2011-09-08,-1.6647
2011-09-09,-3.2572
2011-09-10,6.3271
2011-09-11,-0.9016
2011-09-12,-2.1772
2011-09-13,1.0862
2011-09-14,4.831
2011-09-15,-0.0803
2011-09-16,1.573
2011-09-17,1.9584
2011-09-18,-1.5746
2011-09-19,-3.3279
2011-09-20,-4.0923
2011-09-21,-4.0077
2011-09-22,0.0365
2011-09-23,1.0277
2011-09-24,-1.2391
2011-09-25,0.0741
2011-09-26,-1.2506
2011-09-27,-2.7123
2011-09-28,-3.8824
2011-09-29,4.9086
2011-09-30,3.2742
2011-10-01,-4.4736
2011-10-02,-1.1406
2011-10-03,-3.245
2011-10-04,-0.1352
2011-10-05,-3.889
2011-10-06,-3.8349
2011-10-07,4.7409
2011-10-08,2.232
2011-10-09,-1.8688
2011-10-10,-4.0198
2011-10-11,-1.1745
2011-10-12,-3.7231
2011-10-13,-1.4233
2011-10-14,6.0888
2011-10-15,-4.0661
2011-10-16,-0.3672
2011-10-17,-2.9734
2011-10-18,4.4558
2011-10-19,2.61
2011-10-20,-3.7702
2011-10-21,-1.5952
2011-10-22,-1.3061
2011-10-23,5.0628
2011-10-24,0.3038
2011-10-25,-0.9219
2011-10-26,-4.4684
2011-10-27,4.2854
2011-10-28,-2.9184
2011-10-29,-2.6397
2011-10-30,-3.3686
2011-10-31,-3.7559
2012-07-01,2.6363
2012-07-02,-1.8393
2012-07-03,-3.7962
2012-07-04,-2.9674
2012-07-05,3.0346
2012-07-06,9.9119
2012-07-07,-2.9123
2012-07-08,-2.4341
2012-07-09,-2.0737
2012-07-10,4.1612
2012-07-11,3.3003
2012-07-12,11.2929
2012-07-13,1.0699
2012-07-14,-3.1457
2012-07-15,0.4811
2012-07-16,-3.6814
2012-07-17,1.5763
2012-07-18,2.9478
2012-07-19,-2.4727
2012-07-20,-3.194
2012-07-21,0.1593
2012-07-22,4.0834
2012-07-23,0.6177
2012-07-24,-2.9213
2012-07-25,-1.5083
2012-07-26,14.5554
2012-07-27,5.3869
2012-07-28,-1.005
2012-07-29,7.6872
2012-07-30,4.1284
2012-07-31,7.0376
2012-08-01,2.1582
2012-08-02,5.1492
2012-08-03,-0.1712
2012-08-04,-2.8357
2012-08-05,-1.4111
2012-08-06,9.2722
2012-08-07,-0.9002
2012-08-08,3.6598
2012-08-09,5.0701
2012-08-10,-3.808
2012-08-11,5.0243
2012-08-12,3.8295
2012-08-13,-3.7895
2012-08-14,3.8503
2012-08-15,8.5077
2012-08-16,-1.8415
2012-08-17,7.0543
2012-08-18,10.3196
2012-08-19,-1.9949
2012-08-20,3.3343
2012-08-21,10.9057
2012-08-22,1.2437
2012-08-23,1.3272
2012-08-24,5.56
2012-08-25,2.3118
2012-08-26,3.0703
2012-08-27,-0.4194
2012-08-28,-0.913
2012-08-29,3.4193
2012-08-30,0.8388
2012-08-31,0.2406
2012-09-01,-1.9667
2012-09-02,1.6325
2012-09-03,3.1667
2012-09-04,12.2973
2012-09-05,0.3574
2012-09-06,6.4584
2012-09-07,3.2217
2012-09-08,-3.9131
2012-09-09,4.006
2012-09-10,4.6557
2012-09-11,-2.5164
2012-09-12,1.8517
2012-09-13,-0.394
2012-09-14,11.1056
2012-09-15,0.269
2012-09-16,-4.0811
2012-09-17,-1.3954
2012-09-18,-4.0504
2012-09-19,-3.0536
2012-09-20,-2.0082
2012-09-21,2.0192
2012-09-22,-4.0151
2012-09-23,1.5965
2012-09-24,-3.1614
2012-09-25,2.0196
2012-09-26,0.5748
2012-09-27,-0.4083
2012-09-28,-3.1642
2012-09-29,-4.5067
2012-09-30,3.6046
2012-10-01,-3.9651
2012-10-02,-3.8547
2012-10-03,3.3426
2012-10-04,-3.2871
2012-10-05,-3.7421
2012-10-06,0.3263
2012-10-07,-2.7409
2012-10-08,-4.3571
2012-10-09,3.2023
2012-10-10,-2.6766
2012-10-11,-2.6852
2012-10-12,5.4491
2012-10-13,-3.576
2012-10-14,-3.6229
2012-10-15,-4.2301
2012-10-16,-4.0866
2012-10-17,-4.7175
2012-10-18,-4.7744
2012-10-19,-4.1642
2012-10-20,-4.3354
2012-10-21,-3.9611
2012-10-22,-0.9057
2012-10-23,-4.3053
2012-10-24,-2.2394
2012-10-25,4.5935
2012-10-26,-4.4189
2012-10-27,-5.0122
2012-10-28,-4.9253
2012-10-29,-3.6498
2012-10-30,-4.0683
2012-10-31,1.8637
2013-07-01,-3.3166
2013-07-02,-4.3748
2013-07-03,5.541
2013-07-04,2.5658
2013-07-05,-2.1717
2013-07-06,-3.757
2013-07-07,-3.1717
2013-07-08,3.1631
2013-07-09,-3.5521
2013-07-10,0.0822
2013-07-11,-0.3447
2013-07-12,9.4398
2013-07-13,-2.0714
2013-07-14,0.1771
2013-07-15,10.1467
2013-07-16,-0.1844
2013-07-17,-0.9597
2013-07-18,2.3592
2013-07-19,0.64
2013-07-20,-3.7085
2013-07-21,5.7904
2013-07-22,3.3232
2013-07-23,-1.4884
2013-07-24,10.4721
2013-07-25,1.2369
2013-07-26,8.6501
2013-07-27,-0.9137
2013-07-28,10.2583
2013-07-29,5.2805
2013-07-30,3.0464
2013-07-31,1.7047
2013-08-01,7.941
2013-08-02,4.806
2013-08-03,-0.9161
2013-08-04,-0.4867
2013-08-05,9.037
2013-08-06,6.6467
2013-08-07,-2.1472
2013-08-08,-3.3292
2013-08-09,1.5011
2013-08-10,-2.2284
2013-08-11,1.6031
2013-08-12,6.2787
2013-08-13,12.7662
2013-08-14,0.8289
2013-08-15,4.1004
2013-08-16,4.1401
2013-08-17,-3.8994
2013-08-18,0.1852
2013-08-19,14.6567
2013-08-20,-3.3837
2013-08-21,11.9591
2013-08-22,11.2207
2013-08-23,-3.9754
2013-08-24,-1.9357
2013-08-25,3.7867
2013-08-26,2.1697
2013-08-27,0.3263
2013-08-28,-0.4436
2013-08-29,1.113
2013-08-30,-1.9855
2013-08-31,-0.07
2013-09-01,9.5578
2013-09-02,-3.1356
2013-09-03,-2.7899
2013-09-04,-3.0923
2013-09-05,8.6707
2013-09-06,3.5601
2013-09-07,-1.3879
2013-09-08,6.2102
2013-09-09,-1.6165
2013-09-10,-3.6591
2013-09-11,-3.6203
2013-09-12,8.8126
2013-09-13,-2.086
2013-09-14,-3.9045
2013-09-15,0.9044
2013-09-16,-3.6454
2013-09-17,-1.7167
2013-09-18,0.1967
2013-09-19,-0.8292
2013-09-20,1.3789
2013-09-21,-1.926
2013-09-22,-3.9591
2013-09-23,0.856
2013-09-24,-0.3201
2013-09-25,-3.7468
2013-09-26,-2.8356
2013-09-27,-1.5823
2013-09-28,-0.6223
2013-09-29,0.4647
2013-09-30,-3.5795
2013-10-01,-3.7942
2013-10-02,-4.2295
2013-10-03,1.071
2013-10-04,-3.3678
2013-10-05,-0.9755
2013-10-06,7.9014
2013-10-07,-0.314
2013-10-08,-3.1665
2013-10-09,13.1023
2013-10-10,3.9305
2013-10-11,-0.2793
2013-10-12,1.5997
2013-10-13,-2.9264
2013-10-14,-4.4102
2013-10-15,-3.6053
2013-10-16,1.1473
2013-10-17,-1.531
2013-10-18,-3.5067
2013-10-19,-4.8616
2013-10-20,-4.8017
2013-10-21,-4.2692
2013-10-22,-2.5777
2013-10-23,-3.7994
2013-10-24,0.2554
2013-10-25,-2.7308
2013-10-26,-3.9248
2013-10-27,4.6557
2013-10-28,-0.7421
2013-10-29,-4.4818
2013-10-30,-4.7583
2013-10-31,-4.8126
2014-07-01,-3.7885
2014-07-02,-4.7703
2014-07-03,-4.5745
2014-07-04,-0.9684
2014-07-05,6.4119
2014-07-06,-2.0527
2014-07-07,-0.4896
2014-07-08,-3.5186
2014-07-09,-4.4795
2014-07-10,-0.9721
2014-07-11,4.1774
2014-07-12,-4.4671
2014-07-13,-4.6514
2014-07-14,1.145
2014-07-15,5.3333
2014-07-16,-3.8659
2014-07-17,9.6791
2014-07-18,-4.1502
2014-07-19,-4.0463
2014-07-20,-0.6739
2014-07-21,-3.374
2014-07-22,2.4531
2014-07-23,12.7374
2014-07-24,3.9057
2014-07-25,0.2922
2014-07-26,4.0867
2014-07-27,-2.1293
2014-07-28,-3.5765
2014-07-29,-2.5065
2014-07-30,8.6091
2014-07-31,8.3298
2014-08-01,-2.4149
2014-08-02,6.9376
2014-08-03,17.4789
2014-08-04,-1.0622
2014-08-05,5.9567
2014-08-06,8.3005
2014-08-07,-4.2536
2014-08-08,-2.053
2014-08-09,2.3297
2014-08-10,8.0455
2014-08-11,-3.9951
2014-08-12,2.5351
2014-08-13,8.0641
2014-08-14,-2.4189
2014-08-15,0.5993
2014-08-16,-2.5494
2014-08-17,-0.8549
2014-08-18,-1.1653
2014-08-19,6.8285
2014-08-20,-3.9315
2014-08-21,-0.8282
2014-08-22,2.1687
2014-08-23,-3.9666
2014-08-24,-3.4333
2014-08-25,-1.8688
2014-08-26,1.7134
2014-08-27,1.4283
2014-08-28,-0.9465
2014-08-29,-2.1532
2014-08-30,8.5181
2014-08-31,-1.7952
2014-09-01,2.9037
2014-09-02,4.1718
2014-09-03,6.0936
2014-09-04,1.8049
2014-09-05,4.4873
2014-09-06,8.1396
2014-09-07,-0.703
2014-09-08,-2.7616
2014-09-09,-1.835
2014-09-10,-3.1008
2014-09-11,-3.2992
2014-09-12,9.3402
2014-09-13,5.9692
2014-09-14,-2.7414
2014-09-15,-3.7322
2014-09-16,2.5797
2014-09-17,-2.9866
2014-09-18,-3.509
2014-09-19,2.8528
2014-09-20,-0.9221
2014-09-21,-4.4645
2014-09-22,8.4526
2014-09-23,2.9977
2014-09-24,-3.8099
2014-09-25,-3.9004
2014-09-26,-2.4293
2014-09-27,5.1031
2014-09-28,0.0351
2014-09-29,-3.3023
2014-09-30,-1.9598
2014-10-01,0.2263
2014-10-02,3.7298
2014-10-03,-3.6296
2014-10-04,0.3309
2014-10-05,0.0477
2014-10-06,-3.0392
2014-10-07,-3.834
2014-10-08,-1.7225
2014-10-09,-1.721
2014-10-10,-3.7134
2014-10-11,-4.0131
2014-10-12,3.8964
2014-10-13,7.1309
2014-10-14,0.0614
2014-10-15,-2.7268
2014-10-16,1.7188
2014-10-17,-0.6063
2014-10-18,-3.7631
2014-10-19,-2.5972
2014-10-20,5.7031
2014-10-21,-3.2579
2014-10-22,1.8451
2014-10-23,-0.6796
2014-10-24,-2.3808
2014-10-25,-3.914
2014-10-26,-1.908
2014-10-27,-1.622
2014-10-28,0.0533
2014-10-29,-2.9769
2014-10-30,-3.3289
2014-10-31,-4.5403
2015-07-01,10.7944
2015-07-02,-3.4774
2015-07-03,-3.7586
2015-07-04,-1.1429
2015-07-05,-2.973
2015-07-06,-4.9279
2015-07-07,-5.2722
2015-07-08,-5.3219
2015-07-09,-4.9401
2015-07-10,-4.8646
2015-07-11,-5.1961
2015-07-12,7.3232
2015-07-13,-0.233
2015-07-14,-2.8983
2015-07-15,7.9922
2015-07-16,-2.9092
2015-07-17,-4.5697
2015-07-18,3.6973
2015-07-19,-4.1321
2015-07-20,2.4623
2015-07-21,7.0894
2015-07-22,-4.1142
2015-07-23,-3.0576
2015-07-24,-0.723
2015-07-25,-3.8601
2015-07-26,-4.6565
2015-07-27,-3.5549
2015-07-28,1.8635
2015-07-29,2.6812
2015-07-30,-0.4143
2015-07-31,-1.7322
2015-08-01,7.9785
2015-08-02,-4.3531
2015-08-03,4.9403
2015-08-04,17.812
2015-08-05,0.0922
2015-08-06,-0.689
2015-08-07,-1.0931
2015-08-08,-4.0398
2015-08-09,-2.93
2015-08-10,-4.8951
2015-08-11,-3.1883
2015-08-12,-0.8203
2015-08-13,1.1295
2015-08-14,-4.2855
2015-08-15,-1.4254
2015-08-16,-4.3247
2015-08-17,6.1533
2015-08-18,-3.5479
2015-08-19,-4.8708
2015-08-20,-4.8007
2015-08-21,-4.7351
2015-08-22,-1.9639
2015-08-23,-2.0755
2015-08-24,2.4113
2015-08-25,5.7203
2015-08-26,-3.4583
2015-08-27,-3.3305
2015-08-28,-3.1113
2015-08-29,-2.7366
2015-08-30,-4.0089
2015-08-31,-2.4296
2015-09-01,-2.9135
2015-09-02,0.4809
2015-09-03,-3.5777
2015-09-04,-2.9133
2015-09-05,-0.275
2015-09-06,-5.0383
2015-09-07,-3.2621
2015-09-08,8.9048
2015-09-09,-1.5243
2015-09-10,-3.5003
2015-09-11,-4.2159
2015-09-12,-4.7229
2015-09-13,-4.6236
2015-09-14,-3.0104
2015-09-15,-5.1823
2015-09-16,-1.5362
2015-09-17,-3.9031
2015-09-18,-4.1513
2015-09-19,-4.7861
2015-09-20,-4.267
2015-09-21,-1.1638
2015-09-22,2.576
2015-09-23,-4.6291
2015-09-24,-4.7036
2015-09-25,-3.5755
2015-09-26,0.0207
2015-09-27,-4.3336
2015-09-28,-4.9315
2015-09-29,-5.5011
2015-09-30,-4.7426
2015-10-01,4.1716
2015-10-02,-3.3519
2015-10-03,-5.1608
2015-10-04,-3.4167
2015-10-05,-5.106
2015-10-06,-3.6088
2015-10-07,0.7641
2015-10-08,-4.3458
2015-10-09,-4.4565
2015-10-10,-4.1568
2015-10-11,-0.9586
2015-10-12,-3.9177
2015-10-13,-4.6529
2015-10-14,-1.173
2015-10-15,-2.5576
2015-10-16,-3.5082
2015-10-17,-3.7234
2015-10-18,3.1879
2015-10-19,-2.519
2015-10-20,-4.3769
2015-10-21,-2.6124
2015-10-22,5.9688
2015-10-23,-0.7772
2015-10-24,3.2939
2015-10-25,0.1642
2015-10-26,-2.6738
2015-10-27,-4.0902
2015-10-28,4.6803
2015-10-29,7.8316
2015-10-30,-2.9253
2015-10-31,-4.5778
2016-07-01,-2.2799
2016-07-02,-4.2416
2016-07-03,-4.9726
2016-07-04,-3.285
2016-07-05,6.3614
2016-07-06,4.2283
2016-07-07,-2.4144
2016-07-08,-3.919
2016-07-09,-3.2765
2016-07-10,9.152
2016-07-11,10.1811
2016-07-12,7.1818
2016-07-13,-0.8984
2016-07-14,0.3897
2016-07-15,-3.8036
2016-07-16,-3.3538
2016-07-17,-2.6074
2016-07-18,-2.8072
2016-07-19,7.1596
2016-07-20,-2.3209
2016-07-21,-3.5437
2016-07-22,4.0364
2016-07-23,-0.958
2016-07-24,0.6726
2016-07-25,-2.5691
2016-07-26,-0.4753
2016-07-27,2.8463
2016-07-28,11.4442
2016-07-29,-2.452
2016-07-30,-4.0532
2016-07-31,2.7303
2016-08-01,4.789
2016-08-02,-1.4303
2016-08-03,1.4731
2016-08-04,6.9874
2016-08-05,4.5133
2016-08-06,-2.2816
2016-08-07,0.8078
2016-08-08,-0.428
2016-08-09,2.2607
2016-08-10,-1.7865
2016-08-11,-0.7922
2016-08-12,1.0865
2016-08-13,3.9107
2016-08-14,-3.8167
2016-08-15,-3.4113
2016-08-16,-0.5496
2016-08-17,-3.2597
2016-08-18,-3.1026
2016-08-19,2.003
2016-08-20,10.0067
2016-08-21,-3.8051
2016-08-22,-4.6181
2016-08-23,3.705
2016-08-24,4.3076
2016-08-25,-2.5181
2016-08-26,-1.3351
2016-08-27,4.0608
2016-08-28,-4.9485
2016-08-29,-4.0281
2016-08-30,-4.7099
2016-08-31,3.486
2016-09-01,-3.5134
2016-09-02,4.6018
2016-09-03,2.8127
2016-09-04,-3.1644
2016-09-05,-4.6259
2016-09-06,-1.5299
2016-09-07,7.1813
2016-09-08,-4.5883
2016-09-09,-4.3691
2016-09-10,0.3855
2016-09-11,-4.051
2016-09-12,-4.3869
2016-09-13,-2.4961
2016-09-14,3.2873
2016-09-15,-2.4724
2016-09-16,0.6195
2016-09-17,-2.1552
2016-09-18,-3.975
2016-09-19,-4.114
2016-09-20,11.8739
2016-09-21,-3.1084
2016-09-22,-4.5662
2016-09-23,-0.1132
2016-09-24,-2.8948
2016-09-25,-3.3556
2016-09-26,4.0904
2016-09-27,-2.3813
2016-09-28,-4.4112
2016-09-29,-4.0774
2016-09-30,-4.8062
2016-10-01,-4.9614
2016-10-02,1.0556
2016-10-03,1.7715
2016-10-04,-3.9536
2016-10-05,-2.4528
2016-10-06,4.593
2016-10-07,-5.0188
2016-10-08,-5.1043
2016-10-09,-4.5943
2016-10-10,-3.6892
2016-10-11,-4.8185
2016-10-12,-5.0409
2016-10-13,-4.617
2016-10-14,-4.6996
2016-10-15,-4.9776
2016-10-16,-4.7705
2016-10-17,-4.0059
2016-10-18,-3.8034
2016-10-19,-4.634
2016-10-20,-4.235
2016-10-21,-2.0118
2016-10-22,-4.6149
2016-10-23,-4.5229
2016-10-24,-4.1914
2016-10-25,-5.1297
2016-10-26,1.8895
2016-10-27,3.4479
2016-10-28,-4.7746
2016-10-29,-3.3975
2016-10-30,-5.1012
2016-10-31,-5.0907
2017-07-01,-4.4134
2017-07-02,-3.9037
2017-07-03,-3.9291
2017-07-04,0.6934
2017-07-05,-4.5661
2017-07-06,-4.4918
2017-07-07,0.5509
2017-07-08,-1.8875
2017-07-09,4.6286
2017-07-10,-1.5527
2017-07-11,5.9941
2017-07-12,-2.6445
2017-07-13,-2.4214
2017-07-14,-4.0212
2017-07-15,-3.8446
2017-07-16,9.7599
2017-07-17,0.8338
2017-07-18,-4.0124
2017-07-19,-3.5577
2017-07-20,8.673
2017-07-21,-2.5174
2017-07-22,1.27
2017-07-23,-2.7215
2017-07-24,-0.6698
2017-07-25,3.7431
2017-07-26,-3.6309
2017-07-27,0.087
2017-07-28,1.1535
2017-07-29,-2.6595
2017-07-30,9.0485
2017-07-31,20.628
2017-08-01,-4.0214
2017-08-02,-3.1322
2017-08-03,-2.6016
2017-08-04,-1.7941
2017-08-05,4.0591
2017-08-06,1.3146
2017-08-07,-2.4708
2017-08-08,-3.2769
2017-08-09,-1.6816
2017-08-10,-4.2121
2017-08-11,1.3411
2017-08-12,4.8032
2017-08-13,-3.5995
2017-08-14,-2.664
2017-08-15,1.6908
2017-08-16,8.8034
2017-08-17,-3.9725
2017-08-18,-3.2488
2017-08-19,-3.9013
2017-08-20,-3.917
2017-08-21,0.9404
2017-08-22,2.4877
2017-08-23,-3.3432
2017-08-24,3.0578
2017-08-25,5.3884
2017-08-26,-3.8993
2017-08-27,-2.8042
2017-08-28,2.3994
2017-08-29,10.4454
2017-08-30,-0.5908
2017-08-31,-1.2809
2017-09-01,-1.4124
2017-09-02,12.5893
2017-09-03,-3.8496
2017-09-04,4.8816
2017-09-05,8.2316
2017-09-06,-1.2632
2017-09-07,-3.1608
2017-09-08,-2.1744
2017-09-09,-1.3226
2017-09-10,0.8981
2017-09-11,3.3274
2017-09-12,-3.9471
2017-09-13,-0.0486
2017-09-14,15.319
2017-09-15,-0.6014
2017-09-16,-3.5832
2017-09-17,-1.175
2017-09-18,8.4211
2017-09-19,-3.147
2017-09-20,-1.9894
2017-09-21,7.2149
2017-09-22,-1.358
2017-09-23,-4.1842
2017-09-24,3.6517
2017-09-25,-2.2976
2017-09-26,-3.9974
2017-09-27,-3.7918
2017-09-28,-3.692
2017-09-29,-0.9771
2017-09-30,5.1091
2017-10-01,-3.9797
2017-10-02,-1.5123
2017-10-03,-4.6065
2017-10-04,-4.0939
2017-10-05,-4.177
2017-10-06,-1.5783
2017-10-07,-4.0084
2017-10-08,-4.6006
2017-10-09,2.737
2017-10-10,-1.5817
2017-10-11,-2.456
2017-10-12,-2.9451
2017-10-13,-3.4229
2017-10-14,-4.1092
2017-10-15,-1.7699
2017-10-16,-4.1417
2017-10-17,-5.0452
2017-10-18,-5.2883
2017-10-19,-4.8216
2017-10-20,-4.9901
2017-10-21,-4.5993
2017-10-22,-4.5244
2017-10-23,-3.939
2017-10-24,-4.3126
2017-10-25,-4.6382
2017-10-26,-5.2209
2017-10-27,-4.7055
2017-10-28,-3.4443
2017-10-29,0.4079
2017-10-30,-4.047
2017-10-31,-3.8895
2018-07-01,-1.5442
2018-07-02,-2.8871
2018-07-03,-2.6769
2018-07-04,-2.6029
2018-07-05,-0.7348
2018-07-06,-2.4873
2018-07-07,-4.2911
2018-07-08,1.2173
2018-07-09,0.6054
2018-07-10,1.9713
2018-07-11,-0.2812
2018-07-12,-0.5872
2018-07-13,-3.857
2018-07-14,-1.0306
2018-07-15,-1.3042
2018-07-16,4.6694
2018-07-17,-1.1508
2018-07-18,-3.3571
2018-07-19,-1.7647
2018-07-20,-4.5518
2018-07-21,-3.3766
2018-07-22,-4.4547
2018-07-23,-4.5978
2018-07-24,1.7669
2018-07-25,2.5347
2018-07-26,-4.1364
2018-07-27,-4.6255
2018-07-28,1.288
2018-07-29,-0.6655
2018-07-30,-1.9753
2018-07-31,7.0132
2018-08-01,-4.022
2018-08-02,6.3302
2018-08-03,-2.909
2018-08-04,-2.6808
2018-08-05,-0.1207
2018-08-06,-2.5216
2018-08-07,-1.7784
2018-08-08,-4.603
2018-08-09,-4.2747
2018-08-10,4.7674
2018-08-11,5.3202
2018-08-12,2.2989
2018-08-13,-3.5973
2018-08-14,-4.2913
2018-08-15,-3.4137
2018-08-16,-3.4453
2018-08-17,6.7035
2018-08-18,-1.6976
2018-08-19,-3.5779
2018-08-20,1.4463
2018-08-21,-2.0263
2018-08-22,1.9398
2018-08-23,6.3117
2018-08-24,-0.8144
2018-08-25,1.2859
2018-08-26,0.1507
2018-08-27,4.5157
2018-08-28,9.1237
2018-08-29,1.1688
2018-08-30,-2.4968
2018-08-31,3.7938
2018-09-01,-0.6135
2018-09-02,5.1361
2018-09-03,7.264
2018-09-04,-1.7095
2018-09-05,-3.4783
2018-09-06,-0.3476
2018-09-07,-1.5021
2018-09-08,-1.796
2018-09-09,-4.8661
2018-09-10,-4.7746
2018-09-11,1.7715
2018-09-12,7.8246
2018-09-13,-4.9349
2018-09-14,-3.8455
2018-09-15,-3.9744
2018-09-16,-3.3943
2018-09-17,-4.3803
2018-09-18,-0.1019
2018-09-19,-3.9926
2018-09-20,-3.3758
2018-09-21,-1.8211
2018-09-22,-4.1379
2018-09-23,-4.6278
2018-09-24,-4.2148
2018-09-25,-1.4477
2018-09-26,-5.0343
2018-09-27,-5.4807
2018-09-28,-4.707
2018-09-29,-0.6641
2018-09-30,-3.7816
2018-10-01,-4.5003
2018-10-02,-1.4665
2018-10-03,-4.4133
2018-10-04,-4.832
2018-10-05,-4.4941
2018-10-06,-2.9147
2018-10-07,2.8854
2018-10-08,-4.4803
2018-10-09,1.6637
2018-10-10,6.1302
2018-10-11,-3.5068
2018-10-12,-4.1904
2018-10-13,-3.7978
2018-10-14,-3.5402
2018-10-15,-4.7572
2018-10-16,-5.1591
2018-10-17,-4.5685
2018-10-18,-3.9545
2018-10-19,0.861
2018-10-20,-4.2696
2018-10-21,-5.0596
2018-10-22,-4.8144
2018-10-23,-2.923
2018-10-24,-4.8901
2018-10-25,-5.0245
2018-10-26,-4.7791
2018-10-27,-4.0299
2018-10-28,-4.627
2018-10-29,-4.8231
2018-10-30,-1.7211
2018-10-31,-2.8877
2019-07-01,-2.6678
2019-07-02,4.7211
2019-07-03,13.4123
2019-07-04,-2.392
2019-07-05,-4.1349
2019-07-06,3.1554
2019-07-07,3.3798
2019-07-08,2.5066
2019-07-09,-3.8655
2019-07-10,-0.2746
2019-07-11,23.9752
2019-07-12,-2.896
2019-07-13,-1.4442
2019-07-14,0.0921
2019-07-15,-0.4386
2019-07-16,0.2035
2019-07-17,-3.4229
2019-07-18,1.6805
2019-07-19,-4.3352
2019-07-20,-4.0575
2019-07-21,2.6191
2019-07-22,-2.833
2019-07-23,-4.1962
2019-07-24,-3.1732
2019-07-25,-3.0341
2019-07-26,-1.0066
2019-07-27,-3.8386
2019-07-28,6.4607
2019-07-29,1.531
2019-07-30,16.1753
2019-07-31,7.6661
2019-08-01,-2.9023
2019-08-02,-3.9119
2019-08-03,3.5396
2019-08-04,7.5895
2019-08-05,-2.7376
2019-08-06,-4.3666
2019-08-07,-2.4113
2019-08-08,7.2752
2019-08-09,2.2096
2019-08-10,-1.0829
2019-08-11,6.4414
2019-08-12,9.215
2019-08-13,0.5956
2019-08-14,4.912
2019-08-15,15.721
2019-08-16,6.3544
2019-08-17,-1.4959
2019-08-18,3.9473
2019-08-19,0.8888
2019-08-20,-2.7727
2019-08-21,7.5468
2019-08-22,2.47
2019-08-23,-0.5084
2019-08-24,-2.6711
2019-08-25,-4.1329
2019-08-26,14.8297
2019-08-27,0.178
2019-08-28,-1.03
2019-08-29,-3.1659
2019-08-30,6.9039
2019-08-31,1.7236
2019-09-01,1.2016
2019-09-02,-2.4875
2019-09-03,7.7842
2019-09-04,1.029
2019-09-05,-1.8587
2019-09-06,1.3971
2019-09-07,-3.5503
2019-09-08,-2.2771
2019-09-09,2.7643
2019-09-10,5.8835
2019-09-11,-3.2805
2019-09-12,-2.6536
2019-09-13,-3.6594
2019-09-14,0.6895
2019-09-15,-2.4622
2019-09-16,-4.6927
2019-09-17,5.9256
2019-09-18,-4.5119
2019-09-19,-4.5943
2019-09-20,-3.0271
2019-09-21,-1.2387
2019-09-22,-0.6815
2019-09-23,-3.2695
2019-09-24,-2.4096
2019-09-25,-3.3297
2019-09-26,11.9435
2019-09-27,6.275
2019-09-28,-4.3085
2019-09-29,-3.5072
2019-09-30,9.1598
2019-10-01,-1.1729
2019-10-02,-0.4615
2019-10-03,-0.7617
2019-10-04,8.9402
2019-10-05,0.1441
2019-10-06,-2.0419
2019-10-07,-3.476
2019-10-08,9.4968
2019-10-09,-4.1216
2019-10-10,3.135
2019-10-11,-1.3701
2019-10-12,7.2547
2019-10-13,2.6484
2019-10-14,-3.1203
2019-10-15,-2.2335
2019-10-16,3.5057
2019-10-17,-2.6044
2019-10-18,-2.5185
2019-10-19,-2.359
2019-10-20,9.431
2019-10-21,-3.7366
2019-10-22,2.5667
2019-10-23,-3.3915
2019-10-24,2.4359
2019-10-25,-4.1979
2019-10-26,5.5435
2019-10-27,-4.1948
2019-10-28,-3.9246
2019-10-29,-4.5072
2019-10-30,-4.6895
2019-10-31,-4.5749
