date,2m_temp
2002-07-01,32.7337
2002-07-02,33.3701
2002-07-03,31.5651
2002-07-04,32.5935
2002-07-05,33.5925
2002-07-06,33.5408
2002-07-07,32.7114
2002-07-08,32.1299
2002-07-09,31.1685
2002-07-10,30.2854
2002-07-11,28.179
2002-07-12,26.7931
2002-07-13,30.4422
2002-07-14,28.3584
2002-07-15,28.8208
2002-07-16,28.9974
2002-07-17,27.4318
2002-07-18,27.8168
2002-07-19,27.4752
2002-07-20,29.1073
2002-07-21,27.9026
2002-07-22,29.0777
2002-07-23,28.4814
2002-07-24,27.6062
2002-07-25,27.2279
2002-07-26,26.9566
2002-07-27,27.8363
2002-07-28,26.3098
2002-07-29,26.4264
2002-07-30,26.7411
2002-07-31,27.0385
2002-08-01,28.1988
2002-08-02,26.8064
2002-08-03,27.2532
2002-08-04,26.2949
2002-08-05,26.0013
2002-08-06,27.639
2002-08-07,27.2699
2002-08-08,24.9721
2002-08-09,27.6642
2002-08-10,27.9435
2002-08-11,27.1286
2002-08-12,26.6102
2002-08-13,26.8371
2002-08-14,27.5362
2002-08-15,28.1565
2002-08-16,27.959
2002-08-17,26.6028
2002-08-18,26.3694
2002-08-19,27.318
2002-08-20,26.3306
2002-08-21,27.7901
2002-08-22,26.0378
2002-08-23,27.0459
2002-08-24,25.8778
2002-08-25,26.2115
2002-08-26,26.5713
2002-08-27,25.6273
2002-08-28,27.6742
2002-08-29,29.5256
2002-08-30,27.9622
2002-08-31,23.1378
2002-09-01,27.2958
2002-09-02,25.4684
2002-09-03,26.0159
2002-09-04,27.1084
2002-09-05,26.6594
2002-09-06,24.8697
2002-09-07,27.4027
2002-09-08,28.8207
2002-09-09,27.538
2002-09-10,27.1004
2002-09-11,25.9545
2002-09-12,27.9295
2002-09-13,27.1587
2002-09-14,27.4184
2002-09-15,25.359
2002-09-16,27.5041
2002-09-17,26.6229
2002-09-18,28.407
2002-09-19,28.5428
2002-09-20,29.4462
2002-09-21,29.4813
2002-09-22,27.5524
2002-09-23,28.5961
2002-09-24,29.2406
2002-09-25,28.7217
2002-09-26,29.1764
2002-09-27,28.1051
2002-09-28,26.7664
2002-09-29,29.092
2002-09-30,29.7826
2002-10-01,29.2846
2002-10-02,29.4263
2002-10-03,28.3147
2002-10-04,30.3352
2002-10-05,29.0833
2002-10-06,27.6397
2002-10-07,27.5985
2002-10-08,28.2408
2002-10-09,30.2925
2002-10-10,30.3609
2002-10-11,29.5891
2002-10-12,27.4596
2002-10-13,28.2676
2002-10-14,29.4447
2002-10-15,29.4423
2002-10-16,30.3106
2002-10-17,31.3617
2002-10-18,32.193
2002-10-19,31.915
2002-10-20,31.744
2002-10-21,32.5649
2002-10-22,31.1813
2002-10-23,31.0513
2002-10-24,29.6498
2002-10-25,29.9838
2002-10-26,30.0307
2002-10-27,30.9885
2002-10-28,31.2134
2002-10-29,30.7865
2002-10-30,30.7431
2002-10-31,29.9575
2003-07-01,27.2614
2003-07-02,28.7674
2003-07-03,25.1318
2003-07-04,26.5599
2003-07-05,25.8798
2003-07-06,27.5669
2003-07-07,24.7713
2003-07-08,26.2767
2003-07-09,28.1475
2003-07-10,27.5456
2003-07-11,25.151
2003-07-12,28.0506
2003-07-13,27.8501
2003-07-14,27.3769
2003-07-15,27.4041
2003-07-16,28.1463
2003-07-17,27.4602
2003-07-18,27.8827
2003-07-19,27.4796
2003-07-20,23.7846
2003-07-21,27.1227
2003-07-22,27.711
2003-07-23,27.0068
2003-07-24,25.8821
2003-07-25,26.1936
2003-07-26,26.6134
2003-07-27,26.0654
2003-07-28,26.2855
2003-07-29,24.4891
2003-07-30,25.115
2003-07-31,24.4279
2003-08-01,24.8487
2003-08-02,26.9955
2003-08-03,27.6517
2003-08-04,26.8079
2003-08-05,26.3151
2003-08-06,25.8449
2003-08-07,25.6938
2003-08-08,24.6209
2003-08-09,24.3291
2003-08-10,24.4943
2003-08-11,25.5973
2003-08-12,26.8936
2003-08-13,27.4008
2003-08-14,25.4683
2003-08-15,26.5511
2003-08-16,25.3891
2003-08-17,27.1361
2003-08-18,27.6631
2003-08-19,25.0446
2003-08-20,26.2765
2003-08-21,26.2289
2003-08-22,26.2031
2003-08-23,25.9955
2003-08-24,24.7871
2003-08-25,25.7891
2003-08-26,25.7435
2003-08-27,26.3559
2003-08-28,26.2825
2003-08-29,25.0255
2003-08-30,26.9233
2003-08-31,25.4067
2003-09-01,25.0537
2003-09-02,25.8884
2003-09-03,26.5456
2003-09-04,24.6979
2003-09-05,25.8474
2003-09-06,26.0145
2003-09-07,25.7875
2003-09-08,26.459
2003-09-09,25.193
2003-09-10,26.4173
2003-09-11,25.6992
2003-09-12,26.7119
2003-09-13,26.7747
2003-09-14,26.7376
2003-09-15,26.7593
2003-09-16,25.0731
2003-09-17,26.1295
2003-09-18,27.5821
2003-09-19,28.2539
2003-09-20,28.2647
2003-09-21,27.0586
2003-09-22,28.2441
2003-09-23,26.0753
2003-09-24,26.3141
2003-09-25,27.2401
2003-09-26,27.7654
2003-09-27,26.1296
2003-09-28,26.7194
2003-09-29,26.9023
2003-09-30,26.8778
2003-10-01,26.8528
2003-10-02,27.5657
2003-10-03,27.2867
2003-10-04,28.046
2003-10-05,29.2679
2003-10-06,29.7863
2003-10-07,28.1504
2003-10-08,28.2561
2003-10-09,28.7984
2003-10-10,29.2008
2003-10-11,29.0955
2003-10-12,28.4568
2003-10-13,27.943
2003-10-14,28.5917
2003-10-15,28.8249
2003-10-16,28.9122
2003-10-17,30.1461
2003-10-18,27.9845
2003-10-19,29.9082
2003-10-20,29.9825
2003-10-21,29.3906
2003-10-22,29.2267
2003-10-23,30.892
2003-10-24,29.9965
2003-10-25,29.3666
2003-10-26,29.7262
2003-10-27,29.6294
2003-10-28,30.0865
2003-10-29,30.4753
2003-10-30,30.594
2003-10-31,28.5164
2004-07-01,28.5982
2004-07-02,29.7795
2004-07-03,29.243
2004-07-04,29.2326
2004-07-05,28.9308
2004-07-06,30.5284
2004-07-07,27.746
2004-07-08,28.8875
2004-07-09,27.8728
2004-07-10,28.8104
2004-07-11,27.4087
2004-07-12,28.9192
2004-07-13,29.6291
2004-07-14,28.4316
2004-07-15,25.2458
2004-07-16,27.0826
2004-07-17,28.192
2004-07-18,26.3762
2004-07-19,27.4511
2004-07-20,26.9452
2004-07-21,28.9436
2004-07-22,28.0058
2004-07-23,29.3266
2004-07-24,28.1623
2004-07-25,27.3872
2004-07-26,24.4676
2004-07-27,27.9979
2004-07-28,28.0822
2004-07-29,25.3864
2004-07-30,27.5542
2004-07-31,29.7148
2004-08-01,26.9687
2004-08-02,26.277
2004-08-03,24.8971
2004-08-04,24.4156
2004-08-05,26.2789
2004-08-06,27.0366
2004-08-07,25.9007
2004-08-08,25.5841
2004-08-09,26.039
2004-08-10,26.024
2004-08-11,25.2682
2004-08-12,26.5169
2004-08-13,26.8495
2004-08-14,27.4458
2004-08-15,25.0315
2004-08-16,25.8896
2004-08-17,26.8612
2004-08-18,26.6374
2004-08-19,25.6183
2004-08-20,24.8292
2004-08-21,26.2379
2004-08-22,27.2486
2004-08-23,28.1435
2004-08-24,28.2296
2004-08-25,27.6493
2004-08-26,27.5795
2004-08-27,27.1922
2004-08-28,26.2967
2004-08-29,28.2745
2004-08-30,29.026
2004-08-31,26.1985
2004-09-01,26.1677
2004-09-02,27.8293
2004-09-03,27.0904
2004-09-04,26.0621
2004-09-05,26.5047
2004-09-06,27.8632
2004-09-07,27.833
2004-09-08,26.7525
2004-09-09,26.6876
2004-09-10,28.421
2004-09-11,26.9891
2004-09-12,27.6579
2004-09-13,27.4576
2004-09-14,26.8929
2004-09-15,27.4608
2004-09-16,27.4531
2004-09-17,28.2754
2004-09-18,26.4943
2004-09-19,27.8936
2004-09-20,28.0936
2004-09-21,29.4936
2004-09-22,29.4849
2004-09-23,29.0668
2004-09-24,27.0539
2004-09-25,26.7915
2004-09-26,27.56
2004-09-27,27.626
2004-09-28,27.7225
2004-09-29,26.0441
2004-09-30,27.3685
2004-10-01,28.5091
2004-10-02,27.9707
2004-10-03,28.3803
2004-10-04,28.2678
2004-10-05,27.7853
2004-10-06,25.3939
2004-10-07,27.6532
2004-10-08,28.891
2004-10-09,28.8993
2004-10-10,28.0477
2004-10-11,27.1843
2004-10-12,27.761
2004-10-13,27.5652
2004-10-14,28.7159
2004-10-15,28.893
2004-10-16,28.7405
2004-10-17,29.2045
2004-10-18,27.6761
2004-10-19,28.5237
2004-10-20,28.4088
2004-10-21,28.3367
2004-10-22,28.9415
2004-10-23,28.1316
2004-10-24,29.9415
2004-10-25,29.9889
2004-10-26,29.387
2004-10-27,30.6118
2004-10-28,29.8315
2004-10-29,29.6158
2004-10-30,30.2644
2004-10-31,29.7181
2005-07-01,27.132
2005-07-02,28.756
2005-07-03,26.4479
2005-07-04,27.662
2005-07-05,26.9321
2005-07-06,24.3622
2005-07-07,24.2148
2005-07-08,28.0805
2005-07-09,27.0018
2005-07-10,25.1259
2005-07-11,27.6165
2005-07-12,26.4005
2005-07-13,24.6904
2005-07-14,26.3453
2005-07-15,29.4216
2005-07-16,28.8709
2005-07-17,25.0021
2005-07-18,23.6114
2005-07-19,27.4711
2005-07-20,28.5213
2005-07-21,26.8936
2005-07-22,26.5691
2005-07-23,28.1889
2005-07-24,28.21
2005-07-25,23.9699
2005-07-26,26.1856
2005-07-27,26.2314
2005-07-28,24.5682
2005-07-29,25.7799
2005-07-30,25.8509
2005-07-31,27.3186
2005-08-01,27.7423
2005-08-02,27.3156
2005-08-03,26.8009
2005-08-04,27.9934
2005-08-05,27.5424
2005-08-06,26.0907
2005-08-07,26.5463
2005-08-08,27.3221
2005-08-09,24.3614
2005-08-10,26.2058
2005-08-11,28.1635
2005-08-12,29.0077
2005-08-13,26.4326
2005-08-14,26.5468
2005-08-15,27.1369
2005-08-16,25.5839
2005-08-17,25.8598
2005-08-18,27.3047
2005-08-19,27.5978
2005-08-20,26.6949
2005-08-21,26.4857
2005-08-22,27.5932
2005-08-23,25.1389
2005-08-24,27.831
2005-08-25,27.3254
2005-08-26,24.3515
2005-08-27,24.7231
2005-08-28,26.1103
2005-08-29,26.6272
2005-08-30,25.4106
2005-08-31,25.921
2005-09-01,25.5967
2005-09-02,27.3105
2005-09-03,27.4041
2005-09-04,27.1399
2005-09-05,26.0528
2005-09-06,24.7742
2005-09-07,27.3816
2005-09-08,26.0857
2005-09-09,24.6663
2005-09-10,26.6036
2005-09-11,26.4866
2005-09-12,26.7863
2005-09-13,26.8534
2005-09-14,26.5048
2005-09-15,26.3256
2005-09-16,26.4758
2005-09-17,27.951
2005-09-18,26.562
2005-09-19,27.2357
2005-09-20,28.6353
2005-09-21,26.3382
2005-09-22,26.6285
2005-09-23,27.2841
2005-09-24,28.2121
2005-09-25,28.2
2005-09-26,26.7779
2005-09-27,27.049
2005-09-28,27.1974
2005-09-29,27.8646
2005-09-30,28.7276
2005-10-01,27.6217
2005-10-02,27.3626
2005-10-03,28.326
2005-10-04,29.3336
2005-10-05,29.4634
2005-10-06,28.1799
2005-10-07,28.6219
2005-10-08,28.5585
2005-10-09,28.1945
2005-10-10,28.5812
2005-10-11,29.8
2005-10-12,29.3598
2005-10-13,28.5041
2005-10-14,29.16
2005-10-15,27.8274
2005-10-16,29.4795
2005-10-17,29.0447
2005-10-18,28.6635
2005-10-19,29.5646
2005-10-20,29.6989
2005-10-21,28.809
2005-10-22,28.2729
2005-10-23,29.0058
2005-10-24,29.6013
2005-10-25,29.9509
2005-10-26,28.8746
2005-10-27,29.926
2005-10-28,29.0203
2005-10-29,29.5173
2005-10-30,29.4835
2005-10-31,28.9598
2006-07-01,30.3391
2006-07-02,29.4902
2006-07-03,29.673
2006-07-04,28.123
2006-07-05,27.8011
2006-07-06,26.9274
2006-07-07,27.5238
2006-07-08,26.8938
2006-07-09,26.1175
2006-07-10,28.4732
2006-07-11,27.9627
2006-07-12,24.9805
2006-07-13,27.5695
2006-07-14,29.1168
2006-07-15,27.8331
2006-07-16,27.9812
2006-07-17,28.7823
2006-07-18,27.2079
2006-07-19,27.3447
2006-07-20,26.3605
2006-07-21,28.4718
2006-07-22,27.5972
2006-07-23,29.4265
2006-07-24,27.4995
2006-07-25,26.1075
2006-07-26,27.7778
2006-07-27,28.023
2006-07-28,25.9047
2006-07-29,26.5707
2006-07-30,27.5613
2006-07-31,25.5961
2006-08-01,27.0503
2006-08-02,28.3408
2006-08-03,27.2786
2006-08-04,25.5018
2006-08-05,24.7088
2006-08-06,27.5969
2006-08-07,25.279
2006-08-08,25.1904
2006-08-09,24.4976
2006-08-10,24.7311
2006-08-11,26.3266
2006-08-12,25.5812
2006-08-13,27.0561
2006-08-14,24.5869
2006-08-15,25.7346
2006-08-16,26.3839
2006-08-17,25.9249
2006-08-18,25.8065
2006-08-19,28.1208
2006-08-20,28.4187
2006-08-21,27.7226
2006-08-22,26.708
2006-08-23,28.6123
2006-08-24,29.1369
2006-08-25,23.5175
2006-08-26,23.4395
2006-08-27,25.5457
2006-08-28,26.5311
2006-08-29,26.4854
2006-08-30,26.3998
2006-08-31,27.1126
2006-09-01,26.0979
2006-09-02,25.3017
2006-09-03,24.3451
2006-09-04,27.17
2006-09-05,27.021
2006-09-06,24.7631
2006-09-07,23.8384
2006-09-08,25.8903
2006-09-09,26.6658
2006-09-10,26.2311
2006-09-11,25.1728
2006-09-12,26.4707
2006-09-13,27.7979
2006-09-14,27.5156
2006-09-15,28.0925
2006-09-16,27.9595
2006-09-17,25.8121
2006-09-18,25.7721
2006-09-19,26.8465
2006-09-20,28.4193
2006-09-21,28.6113
2006-09-22,27.3404
2006-09-23,27.4542
2006-09-24,28.1267
2006-09-25,27.6603
2006-09-26,27.9069
2006-09-27,27.4947
2006-09-28,27.2461
2006-09-29,26.4609
2006-09-30,26.9746
2006-10-01,28.2308
2006-10-02,27.5211
2006-10-03,28.725
2006-10-04,28.808
2006-10-05,29.6175
2006-10-06,30.3268
2006-10-07,30.3827
2006-10-08,29.9593
2006-10-09,29.4737
2006-10-10,29.6249
2006-10-11,29.201
2006-10-12,29.5091
2006-10-13,29.7683
2006-10-14,28.9875
2006-10-15,29.1893
2006-10-16,29.163
2006-10-17,29.043
2006-10-18,28.9947
2006-10-19,28.9582
2006-10-20,29.0915
2006-10-21,27.8145
2006-10-22,28.2209
2006-10-23,27.7555
2006-10-24,27.3023
2006-10-25,26.2074
2006-10-26,27.3719
2006-10-27,29.5383
2006-10-28,27.3102
2006-10-29,28.2453
2006-10-30,28.5646
2006-10-31,29.7515
2007-07-01,27.4658
2007-07-02,26.0822
2007-07-03,25.9734
2007-07-04,24.3151
2007-07-05,23.2064
2007-07-06,26.3176
2007-07-07,27.7238
2007-07-08,27.2019
2007-07-09,26.028
2007-07-10,26.2747
2007-07-11,26.1155
2007-07-12,25.4843
2007-07-13,24.6938
2007-07-14,26.235
2007-07-15,26.8215
2007-07-16,26.0655
2007-07-17,24.6124
2007-07-18,24.7246
2007-07-19,26.1195
2007-07-20,26.1447
2007-07-21,25.3805
2007-07-22,25.1609
2007-07-23,25.4894
2007-07-24,25.8919
2007-07-25,25.1431
2007-07-26,26.1944
2007-07-27,26.2799
2007-07-28,26.4369
2007-07-29,26.1793
2007-07-30,25.6137
2007-07-31,24.2206
2007-08-01,24.9341
2007-08-02,26.051
2007-08-03,24.8953
2007-08-04,25.3296
2007-08-05,25.1092
2007-08-06,24.9183
2007-08-07,25.929
2007-08-08,26.2203
2007-08-09,25.3495
2007-08-10,25.5807
2007-08-11,24.7794
2007-08-12,25.4602
2007-08-13,26.2519
2007-08-14,26.977
2007-08-15,24.7154
2007-08-16,24.0154
2007-08-17,26.8291
2007-08-18,26.4151
2007-08-19,26.7279
2007-08-20,24.6181
2007-08-21,26.052
2007-08-22,26.3357
2007-08-23,24.7763
2007-08-24,25.2464
2007-08-25,26.5876
2007-08-26,27.9348
2007-08-27,26.3016
2007-08-28,23.4547
2007-08-29,26.0264
2007-08-30,24.3194
2007-08-31,26.5469
2007-09-01,24.4983
2007-09-02,25.7916
2007-09-03,25.4023
2007-09-04,26.1897
2007-09-05,25.9145
2007-09-06,24.9131
2007-09-07,26.8766
2007-09-08,24.9308
2007-09-09,25.2695
2007-09-10,25.9412
2007-09-11,26.1794
2007-09-12,23.9408
2007-09-13,25.6336
2007-09-14,27.1594
2007-09-15,27.1013
2007-09-16,27.2229
2007-09-17,26.855
2007-09-18,27.9384
2007-09-19,25.9815
2007-09-20,25.9083
2007-09-21,27.6053
2007-09-22,25.6331
2007-09-23,27.0449
2007-09-24,27.8742
2007-09-25,28.5011
2007-09-26,26.982
2007-09-27,26.4384
2007-09-28,27.6648
2007-09-29,27.412
2007-09-30,27.248
2007-10-01,27.7981
2007-10-02,24.7236
2007-10-03,26.6227
2007-10-04,27.41
2007-10-05,27.7576
2007-10-06,27.6768
2007-10-07,28.6121
2007-10-08,28.6895
2007-10-09,28.5777
2007-10-10,29.3176
2007-10-11,28.523
2007-10-12,28.8504
2007-10-13,29.1986
2007-10-14,29.1531
2007-10-15,28.8711
2007-10-16,28.177
2007-10-17,27.6165
2007-10-18,28.0934
2007-10-19,29.379
2007-10-20,27.8428
2007-10-21,29.6959
2007-10-22,29.2796
2007-10-23,28.6604
2007-10-24,29.4071
2007-10-25,29.1493
2007-10-26,29.0347
2007-10-27,29.7691
2007-10-28,28.3574
2007-10-29,28.4287
2007-10-30,28.5258
2007-10-31,30.063
2008-07-01,30.679
2008-07-02,29.6133
2008-07-03,28.2902
2008-07-04,25.473
2008-07-05,27.9759
2008-07-06,28.6824
2008-07-07,29.0753
2008-07-08,26.8693
2008-07-09,28.7869
2008-07-10,26.0134
2008-07-11,24.498
2008-07-12,25.6373
2008-07-13,28.4039
2008-07-14,27.6122
2008-07-15,27.0123
2008-07-16,27.8773
2008-07-17,27.0667
2008-07-18,26.7971
2008-07-19,27.624
2008-07-20,25.9651
2008-07-21,25.7313
2008-07-22,28.2119
2008-07-23,28.4475
2008-07-24,26.5241
2008-07-25,28.0745
2008-07-26,26.4494
2008-07-27,28.3448
2008-07-28,26.6518
2008-07-29,26.5502
2008-07-30,25.7304
2008-07-31,25.5861
2008-08-01,26.9137
2008-08-02,28.3784
2008-08-03,27.4745
2008-08-04,27.1457
2008-08-05,26.5223
2008-08-06,27.2204
2008-08-07,25.2726
2008-08-08,27.2901
2008-08-09,26.8748
2008-08-10,27.4096
2008-08-11,28.5252
2008-08-12,27.9904
2008-08-13,25.0698
2008-08-14,27.8312
2008-08-15,27.8032
2008-08-16,24.0962
2008-08-17,25.4123
2008-08-18,26.8876
2008-08-19,26.312
2008-08-20,27.235
2008-08-21,25.4877
2008-08-22,26.5489
2008-08-23,26.2105
2008-08-24,26.8266
2008-08-25,24.8108
2008-08-26,25.3372
2008-08-27,25.9597
2008-08-28,25.1674
2008-08-29,25.8481
2008-08-30,27.4087
2008-08-31,27.1027
2008-09-01,25.0866
2008-09-02,26.9866
2008-09-03,27.672
2008-09-04,25.1958
2008-09-05,25.2136
2008-09-06,25.8037
2008-09-07,26.1953
2008-09-08,25.864
2008-09-09,25.2474
2008-09-10,27.3142
2008-09-11,26.272
2008-09-12,25.1448
2008-09-13,26.6405
2008-09-14,25.6133
2008-09-15,27.3266
2008-09-16,27.4885
2008-09-17,26.6975
2008-09-18,24.8772
2008-09-19,27.3234
2008-09-20,27.3895
2008-09-21,26.6692
2008-09-22,26.716
2008-09-23,28.3076
2008-09-24,28.5669
2008-09-25,26.9414
2008-09-26,27.3381
2008-09-27,28.9069
2008-09-28,29.3985
2008-09-29,28.8856
2008-09-30,27.4951
2008-10-01,28.0207
2008-10-02,28.0772
2008-10-03,28.6856
2008-10-04,28.036
2008-10-05,27.2627
2008-10-06,27.9118
2008-10-07,28.3981
2008-10-08,28.6539
2008-10-09,28.3976
2008-10-10,27.9021
2008-10-11,27.5732
2008-10-12,28.8688
2008-10-13,27.0882
2008-10-14,27.3557
2008-10-15,28.4553
2008-10-16,28.9457
2008-10-17,29.0553
2008-10-18,29.4953
2008-10-19,30.1491
2008-10-20,29.8787
2008-10-21,29.4359
2008-10-22,28.8625
2008-10-23,29.4456
2008-10-24,27.7727
2008-10-25,27.5591
2008-10-26,29.6661
2008-10-27,30.0927
2008-10-28,29.4521
2008-10-29,28.4456
2008-10-30,28.2503
2008-10-31,30.0753
2009-07-01,30.6968
2009-07-02,29.4611
2009-07-03,30.03
2009-07-04,27.012
2009-07-05,29.5312
2009-07-06,29.1392
2009-07-07,28.1173
2009-07-08,27.356
2009-07-09,26.4016
2009-07-10,27.2814
2009-07-11,26.8081
2009-07-12,27.399
2009-07-13,28.8473
2009-07-14,27.9731
2009-07-15,27.0753
2009-07-16,29.1171
2009-07-17,26.4286
2009-07-18,26.2285
2009-07-19,26.3789
2009-07-20,27.9915
2009-07-21,28.167
2009-07-22,26.3448
2009-07-23,28.8369
2009-07-24,27.3611
2009-07-25,27.5427
2009-07-26,27.9627
2009-07-27,28.62
2009-07-28,25.9607
2009-07-29,27.3195
2009-07-30,29.0781
2009-07-31,28.5392
2009-08-01,28.4803
2009-08-02,27.5309
2009-08-03,28.5785
2009-08-04,26.9246
2009-08-05,28.411
2009-08-06,27.9286
2009-08-07,27.3299
2009-08-08,26.5536
2009-08-09,27.3274
2009-08-10,27.1123
2009-08-11,27.222
2009-08-12,27.1188
2009-08-13,27.571
2009-08-14,24.3072
2009-08-15,26.8365
2009-08-16,28.5977
2009-08-17,28.4523
2009-08-18,26.7248
2009-08-19,28.0268
2009-08-20,25.965
2009-08-21,24.908
2009-08-22,27.563
2009-08-23,27.9926
2009-08-24,26.2706
2009-08-25,25.7493
2009-08-26,25.1909
2009-08-27,27.0548
2009-08-28,26.1233
2009-08-29,26.6244
2009-08-30,26.6532
2009-08-31,27.9085
2009-09-01,28.0455
2009-09-02,26.7846
2009-09-03,27.1756
2009-09-04,27.5614
2009-09-05,27.8762
2009-09-06,27.957
2009-09-07,27.1955
2009-09-08,26.861
2009-09-09,28.0013
2009-09-10,29.507
2009-09-11,28.8744
2009-09-12,28.8592
2009-09-13,28.9781
2009-09-14,29.7732
2009-09-15,29.4192
2009-09-16,26.8573
2009-09-17,28.1612
2009-09-18,29.2136
2009-09-19,29.6583
2009-09-20,29.3217
2009-09-21,29.7707
2009-09-22,28.9911
2009-09-23,28.1213
2009-09-24,29.0859
2009-09-25,28.7592
2009-09-26,28.2443
2009-09-27,28.4849
2009-09-28,27.3805
2009-09-29,28.0442
2009-09-30,27.864
2009-10-01,28.1769
2009-10-02,29.4179
2009-10-03,28.8996
2009-10-04,29.8218
2009-10-05,30.0012
2009-10-06,29.9887
2009-10-07,30.449
2009-10-08,28.2132
2009-10-09,28.2169
2009-10-10,28.7355
2009-10-11,27.5487
2009-10-12,29.8202
2009-10-13,30.6237
2009-10-14,32.0052
2009-10-15,31.0402
2009-10-16,30.9966
2009-10-17,30.0834
2009-10-18,29.4427
2009-10-19,28.034
2009-10-20,29.3552
2009-10-21,30.3232
2009-10-22,31.0059
2009-10-23,30.8633
2009-10-24,29.9443
2009-10-25,30.5205
2009-10-26,30.9659
2009-10-27,30.9051
2009-10-28,32.052
2009-10-29,31.7349
2009-10-30,31.1656
2009-10-31,31.5969
2010-07-01,30.502
2010-07-02,31.1876
2010-07-03,29.0774
2010-07-04,27.5611
2010-07-05,28.0311
2010-07-06,28.9442
2010-07-07,29.7952
2010-07-08,29.9359
2010-07-09,29.4044
2010-07-10,29.5701
2010-07-11,29.0495
2010-07-12,29.455
2010-07-13,27.7659
2010-07-14,24.1281
2010-07-15,24.7544
2010-07-16,27.1932
2010-07-17,26.2748
2010-07-18,25.4923
2010-07-19,25.7103
2010-07-20,24.2091
2010-07-21,24.3765
2010-07-22,27.2204
2010-07-23,25.8732
2010-07-24,24.3936
2010-07-25,26.0318
2010-07-26,27.2646
2010-07-27,25.7204
2010-07-28,26.0186
2010-07-29,26.4301
2010-07-30,25.8646
2010-07-31,26.9351
2010-08-01,27.5913
2010-08-02,25.9063
2010-08-03,23.9505
2010-08-04,25.4297
2010-08-05,25.7545
2010-08-06,28.0994
2010-08-07,28.2942
2010-08-08,26.1306
2010-08-09,24.822
2010-08-10,25.385
2010-08-11,26.2176
2010-08-12,24.2194
2010-08-13,25.4338
2010-08-14,27.0046
2010-08-15,25.943
2010-08-16,25.3236
2010-08-17,26.8403
2010-08-18,26.5143
2010-08-19,27.0573
2010-08-20,26.3989
2010-08-21,26.311
2010-08-22,27.1734
2010-08-23,24.3883
2010-08-24,26.8509
2010-08-25,25.5905
2010-08-26,25.248
2010-08-27,25.1946
2010-08-28,25.8758
2010-08-29,26.8215
2010-08-30,26.5971
2010-08-31,24.5339
2010-09-01,25.6979
2010-09-02,26.684
2010-09-03,26.1569
2010-09-04,25.4742
2010-09-05,26.5969
2010-09-06,26.0635
2010-09-07,25.8164
2010-09-08,27.0235
2010-09-09,26.7671
2010-09-10,26.1592
2010-09-11,25.1728
2010-09-12,26.1066
2010-09-13,27.0359
2010-09-14,24.5151
2010-09-15,25.3171
2010-09-16,26.1688
2010-09-17,26.0949
2010-09-18,25.5601
2010-09-19,27.0741
2010-09-20,27.2089
2010-09-21,26.9591
2010-09-22,25.6205
2010-09-23,26.7342
2010-09-24,27.5615
2010-09-25,27.0837
2010-09-26,26.5155
2010-09-27,27.0638
2010-09-28,28.5287
2010-09-29,28.9964
2010-09-30,28.3601
2010-10-01,27.5358
2010-10-02,26.9423
2010-10-03,28.9661
2010-10-04,29.3433
2010-10-05,30.4235
2010-10-06,27.8402
2010-10-07,27.9395
2010-10-08,27.974
2010-10-09,27.2707
2010-10-10,28.0346
2010-10-11,29.2839
2010-10-12,30.2651
2010-10-13,30.5364
2010-10-14,30.4055
2010-10-15,28.8402
2010-10-16,28.2842
2010-10-17,28.3318
2010-10-18,27.7183
2010-10-19,27.9327
2010-10-20,29.0152
2010-10-21,28.8477
2010-10-22,28.6287
2010-10-23,29.2917
2010-10-24,29.2667
2010-10-25,29.1936
2010-10-26,28.755
2010-10-27,30.062
2010-10-28,30.8574
2010-10-29,29.3165
2010-10-30,30.1867
2010-10-31,30.5137
2011-07-01,30.4969
2011-07-02,31.6119
2011-07-03,33.0205
2011-07-04,31.9019
2011-07-05,30.0457
2011-07-06,31.1954
2011-07-07,30.2337
2011-07-08,30.1561
2011-07-09,31.3957
2011-07-10,30.9884
2011-07-11,29.6378
2011-07-12,30.3049
2011-07-13,28.5975
2011-07-14,29.0832
2011-07-15,29.5491
2011-07-16,30.7684
2011-07-17,29.5896
2011-07-18,29.4571
2011-07-19,30.1212
2011-07-20,28.3145
2011-07-21,28.6788
2011-07-22,28.753
2011-07-23,27.6745
2011-07-24,25.918
2011-07-25,28.4101
2011-07-26,29.1084
2011-07-27,29.9335
2011-07-28,29.9977
2011-07-29,26.5943
2011-07-30,25.7716
2011-07-31,25.0166
2011-08-01,28.3221
2011-08-02,29.2382
2011-08-03,24.416
2011-08-04,27.9549
2011-08-05,27.0457
2011-08-06,25.647
2011-08-07,25.3697
2011-08-08,25.9951
2011-08-09,26.2
2011-08-10,24.994
2011-08-11,28.0549
2011-08-12,24.8192
2011-08-13,25.8065
2011-08-14,26.8276
2011-08-15,26.3646
2011-08-16,26.8369
2011-08-17,25.7647
2011-08-18,26.5567
2011-08-19,27.0778
2011-08-20,26.6571
2011-08-21,26.3202
2011-08-22,28.152
2011-08-23,28.0609
2011-08-24,26.0535
2011-08-25,27.05
2011-08-26,26.9539
2011-08-27,27.7092
2011-08-28,26.0019
2011-08-29,24.1265
2011-08-30,25.5849
2011-08-31,26.4232
2011-09-01,25.838
2011-09-02,25.6725
2011-09-03,23.6652
2011-09-04,25.636
2011-09-05,26.65
2011-09-06,26.8358
2011-09-07,25.9314
2011-09-08,24.2135
2011-09-09,26.9829
2011-09-10,26.8684
2011-09-11,24.8102
2011-09-12,25.6787
2011-09-13,26.9942
2011-09-14,25.3437
2011-09-15,24.7075
2011-09-16,26.3597
2011-09-17,27.188
2011-09-18,25.9836
2011-09-19,27.1197
2011-09-20,28.4913
2011-09-21,28.8401
2011-09-22,28.2564
2011-09-23,27.6629
2011-09-24,27.9828
2011-09-25,28.1451
2011-09-26,27.1372
2011-09-27,27.023
2011-09-28,29.0247
2011-09-29,28.309
2011-09-30,27.6138
2011-10-01,28.632
2011-10-02,29.7521
2011-10-03,29.4801
2011-10-04,29.017
2011-10-05,28.5244
2011-10-06,30.4786
2011-10-07,30.866
2011-10-08,28.7327
2011-10-09,28.8865
2011-10-10,30.0254
2011-10-11,29.993
2011-10-12,30.9377
2011-10-13,30.923
2011-10-14,28.5476
2011-10-15,28.2364
2011-10-16,28.578
2011-10-17,29.3514
2011-10-18,30.0796
2011-10-19,29.6259
2011-10-20,29.5352
2011-10-21,30.4183
2011-10-22,30.1382
2011-10-23,30.6916
2011-10-24,30.8437
2011-10-25,30.7262
2011-10-26,31.1232
2011-10-27,30.541
2011-10-28,30.5415
2011-10-29,31.2402
2011-10-30,30.2202
2011-10-31,29.8721
2012-07-01,27.454
2012-07-02,24.7477
2012-07-03,26.696
2012-07-04,26.5264
2012-07-05,25.6999
2012-07-06,26.4798
2012-07-07,26.3041
2012-07-08,26.9485
2012-07-09,26.4351
2012-07-10,28.3629
2012-07-11,27.6513
2012-07-12,25.9624
2012-07-13,27.8373
2012-07-14,27.2962
2012-07-15,26.8685
2012-07-16,27.9236
2012-07-17,27.9377
2012-07-18,25.8962
2012-07-19,25.3819
2012-07-20,26.7141
2012-07-21,27.2974
2012-07-22,24.7613
2012-07-23,26.7669
2012-07-24,27.551
2012-07-25,26.3776
2012-07-26,25.5023
2012-07-27,26.6283
2012-07-28,26.4675
2012-07-29,27.8976
2012-07-30,25.3018
2012-07-31,26.8428
2012-08-01,25.785
2012-08-02,24.8057
2012-08-03,25.4154
2012-08-04,24.2781
2012-08-05,26.7775
2012-08-06,26.8123
2012-08-07,25.2293
2012-08-08,26.9124
2012-08-09,27.0177
2012-08-10,24.8925
2012-08-11,23.737
2012-08-12,24.6711
2012-08-13,26.13
2012-08-14,24.9727
2012-08-15,26.0796
2012-08-16,25.7424
2012-08-17,25.0086
2012-08-18,24.3525
2012-08-19,26.2576
2012-08-20,27.0616
2012-08-21,25.1226
2012-08-22,25.0541
2012-08-23,25.3186
2012-08-24,26.393
2012-08-25,26.7256
2012-08-26,25.5719
2012-08-27,26.8333
2012-08-28,27.3766
2012-08-29,26.8403
2012-08-30,27.7569
2012-08-31,24.0682
2012-09-01,25.9958
2012-09-02,26.9895
2012-09-03,24.25
2012-09-04,26.8807
2012-09-05,26.9337
2012-09-06,26.3554
2012-09-07,26.528
2012-09-08,26.6597
2012-09-09,27.5623
2012-09-10,27.9346
2012-09-11,27.3734
2012-09-12,26.9789
2012-09-13,27.0604
2012-09-14,26.9864
2012-09-15,25.4855
2012-09-16,27.04
2012-09-17,27.7939
2012-09-18,27.559
2012-09-19,27.9398
2012-09-20,25.6714
2012-09-21,28.0651
2012-09-22,28.6668
2012-09-23,28.3534
2012-09-24,27.5008
2012-09-25,28.1166
2012-09-26,28.3177
2012-09-27,25.8911
2012-09-28,27.1957
2012-09-29,28.3183
2012-09-30,27.2478
2012-10-01,27.2079
2012-10-02,27.3995
2012-10-03,27.8962
2012-10-04,29.2083
2012-10-05,29.6919
2012-10-06,30.4543
2012-10-07,30.427
2012-10-08,30.5726
2012-10-09,28.9356
2012-10-10,27.9273
2012-10-11,29.822
2012-10-12,30.3662
2012-10-13,28.8896
2012-10-14,29.7434
2012-10-15,30.8448
2012-10-16,29.6063
2012-10-17,30.5678
2012-10-18,30.5449
2012-10-19,30.4513
2012-10-20,30.8611
2012-10-21,31.6557
2012-10-22,30.2316
2012-10-23,31.5765
2012-10-24,31.2698
2012-10-25,30.0586
2012-10-26,28.7959
2012-10-27,30.1424
2012-10-28,31.237
2012-10-29,31.0783
2012-10-30,30.9873
2012-10-31,31.2609
2013-07-01,28.9702
2013-07-02,31.5244
2013-07-03,31.6567
2013-07-04,30.8051
2013-07-05,29.2744
2013-07-06,29.1172
2013-07-07,29.8893
2013-07-08,31.6432
2013-07-09,31.1458
2013-07-10,31.8036
2013-07-11,29.5108
2013-07-12,30.3207
2013-07-13,28.8682
2013-07-14,30.2797
2013-07-15,28.7148
2013-07-16,27.8698
2013-07-17,29.0466
2013-07-18,27.0514
2013-07-19,30.4715
2013-07-20,31.5167
2013-07-21,31.1461
2013-07-22,29.9348
2013-07-23,28.5738
2013-07-24,29.6236
2013-07-25,27.2715
2013-07-26,26.6767
2013-07-27,28.1967
2013-07-28,26.8682
2013-07-29,27.5514
2013-07-30,27.8073
2013-07-31,28.2691
2013-08-01,25.5384
2013-08-02,25.0275
2013-08-03,26.055
2013-08-04,25.8017
2013-08-05,23.7794
2013-08-06,24.8678
2013-08-07,25.3148
2013-08-08,28.4247
2013-08-09,24.9058
2013-08-10,25.2892
2013-08-11,27.8272
2013-08-12,25.6706
2013-08-13,25.7395
2013-08-14,24.8215
2013-08-15,24.8809
2013-08-16,24.843
2013-08-17,25.9484
2013-08-18,26.8782
2013-08-19,27.7753
2013-08-20,25.2867
2013-08-21,26.8392
2013-08-22,27.6169
2013-08-23,24.3154
2013-08-24,25.8845
2013-08-25,26.1233
2013-08-26,24.7056
2013-08-27,26.0794
2013-08-28,26.3826
2013-08-29,26.4925
2013-08-30,26.0731
2013-08-31,26.7207
2013-09-01,27.3213
2013-09-02,24.7967
2013-09-03,25.5334
2013-09-04,26.2056
2013-09-05,25.8003
2013-09-06,25.1833
2013-09-07,25.9124
2013-09-08,26.4434
2013-09-09,25.1739
2013-09-10,23.6878
2013-09-11,27.0368
2013-09-12,27.5405
2013-09-13,26.2399
2013-09-14,26.3842
2013-09-15,27.793
2013-09-16,27.2935
2013-09-17,27.926
2013-09-18,27.1496
2013-09-19,26.5828
2013-09-20,27.3557
2013-09-21,27.7884
2013-09-22,27.9633
2013-09-23,28.5063
2013-09-24,28.8599
2013-09-25,28.1513
2013-09-26,29.1156
2013-09-27,28.4825
2013-09-28,29.7101
2013-09-29,30.2441
2013-09-30,29.6763
2013-10-01,29.188
2013-10-02,28.0699
2013-10-03,27.7119
2013-10-04,28.5964
2013-10-05,29.3812
2013-10-06,27.3517
2013-10-07,26.9081
2013-10-08,27.1563
2013-10-09,27.2739
2013-10-10,27.0592
2013-10-11,27.5695
2013-10-12,28.856
2013-10-13,26.2801
2013-10-14,28.0481
2013-10-15,29.538
2013-10-16,29.4221
2013-10-17,28.8709
2013-10-18,28.2692
2013-10-19,29.2744
2013-10-20,29.8294
2013-10-21,29.9067
2013-10-22,30.1709
2013-10-23,29.221
2013-10-24,29.3156
2013-10-25,28.1531
2013-10-26,29.7388
2013-10-27,28.9925
2013-10-28,29.3419
2013-10-29,29.259
2013-10-30,29.2657
2013-10-31,28.2973
2014-07-01,30.7315
2014-07-02,31.4398
2014-07-03,31.5998
2014-07-04,29.0182
2014-07-05,30.0966
2014-07-06,29.5932
2014-07-07,27.3207
2014-07-08,27.5411
2014-07-09,28.5312
2014-07-10,27.6136
2014-07-11,28.7984
2014-07-12,28.475
2014-07-13,29.3859
2014-07-14,29.2204
2014-07-15,28.0474
2014-07-16,28.9356
2014-07-17,28.7624
2014-07-18,29.6298
2014-07-19,28.7515
2014-07-20,27.051
2014-07-21,27.7566
2014-07-22,27.3327
2014-07-23,26.0681
2014-07-24,27.9307
2014-07-25,26.384
2014-07-26,26.3307
2014-07-27,27.8452
2014-07-28,27.5143
2014-07-29,28.3365
2014-07-30,24.8633
2014-07-31,23.626
2014-08-01,25.1353
2014-08-02,26.6157
2014-08-03,24.6504
2014-08-04,24.4435
2014-08-05,26.3596
2014-08-06,26.0982
2014-08-07,24.6923
2014-08-08,25.4984
2014-08-09,23.8876
2014-08-10,25.6252
2014-08-11,26.2427
2014-08-12,25.1514
2014-08-13,25.6801
2014-08-14,25.7057
2014-08-15,26.0092
2014-08-16,26.7948
2014-08-17,26.6584
2014-08-18,26.3425
2014-08-19,26.014
2014-08-20,24.3441
2014-08-21,26.8518
2014-08-22,26.3363
2014-08-23,24.3699
2014-08-24,26.3442
2014-08-25,26.9621
2014-08-26,24.9961
2014-08-27,24.1696
2014-08-28,27.1225
2014-08-29,26.2751
2014-08-30,25.6767
2014-08-31,26.3938
2014-09-01,26.368
2014-09-02,26.671
2014-09-03,25.5938
2014-09-04,26.2384
2014-09-05,27.2178
2014-09-06,25.623
2014-09-07,25.7191
2014-09-08,26.6934
2014-09-09,24.5629
2014-09-10,25.6867
2014-09-11,27.3304
2014-09-12,26.6366
2014-09-13,25.8619
2014-09-14,25.9531
2014-09-15,27.2076
2014-09-16,25.9066
2014-09-17,26.7303
2014-09-18,26.8916
2014-09-19,28.1517
2014-09-20,28.2605
2014-09-21,27.2826
2014-09-22,28.1364
2014-09-23,28.0266
2014-09-24,27.3642
2014-09-25,28.2205
2014-09-26,28.7317
2014-09-27,27.4076
2014-09-28,27.3354
2014-09-29,29.387
2014-09-30,29.9676
2014-10-01,28.8184
2014-10-02,26.9873
2014-10-03,26.779
2014-10-04,27.1262
2014-10-05,25.7408
2014-10-06,25.6891
2014-10-07,27.8328
2014-10-08,28.0018
2014-10-09,27.4718
2014-10-10,27.4636
2014-10-11,28.0304
2014-10-12,27.6339
2014-10-13,27.3754
2014-10-14,26.065
2014-10-15,25.0643
2014-10-16,26.2985
2014-10-17,27.3378
2014-10-18,28.5663
2014-10-19,28.9025
2014-10-20,27.0931
2014-10-21,27.7972
2014-10-22,28.2815
2014-10-23,28.8609
2014-10-24,29.0148
2014-10-25,29.1951
2014-10-26,29.7307
2014-10-27,29.9225
2014-10-28,30.0856
2014-10-29,30.633
2014-10-30,31.3495
2014-10-31,31.0977
2015-07-01,28.1034
2015-07-02,28.4221
2015-07-03,29.078
2015-07-04,29.5868
2015-07-05,28.2282
2015-07-06,28.6929
2015-07-07,30.8397
2015-07-08,31.9465
2015-07-09,32.7134
2015-07-10,32.6061
2015-07-11,32.6009
2015-07-12,32.903
2015-07-13,30.5786
2015-07-14,32.496
2015-07-15,31.3063
2015-07-16,30.7216
2015-07-17,30.3314
2015-07-18,32.5156
2015-07-19,30.6848
2015-07-20,30.1687
2015-07-21,29.9651
2015-07-22,29.8975
2015-07-23,29.9163
2015-07-24,28.7561
2015-07-25,29.7758
2015-07-26,30.8664
2015-07-27,29.0826
2015-07-28,29.7762
2015-07-29,29.3178
2015-07-30,27.9805
2015-07-31,28.2847
2015-08-01,27.7231
2015-08-02,28.7078
2015-08-03,28.7562
2015-08-04,27.4013
2015-08-05,25.987
2015-08-06,26.7945
2015-08-07,28.9053
2015-08-08,28.063
2015-08-09,26.6729
2015-08-10,28.4764
2015-08-11,29.5959
2015-08-12,28.6797
2015-08-13,28.4167
2015-08-14,29.317
2015-08-15,28.9375
2015-08-16,29.5511
2015-08-17,28.2153
2015-08-18,28.2171
2015-08-19,29.7201
2015-08-20,30.5131
2015-08-21,30.0659
2015-08-22,29.7923
2015-08-23,30.5022
2015-08-24,30.6885
2015-08-25,27.7892
2015-08-26,25.9024
2015-08-27,25.8477
2015-08-28,28.3869
2015-08-29,29.2083
2015-08-30,28.329
2015-08-31,28.6398
2015-09-01,27.0496
2015-09-02,28.0861
2015-09-03,28.1822
2015-09-04,27.9803
2015-09-05,28.7335
2015-09-06,29.3533
2015-09-07,30.7088
2015-09-08,29.5651
2015-09-09,27.7563
2015-09-10,29.338
2015-09-11,29.3836
2015-09-12,29.0818
2015-09-13,29.182
2015-09-14,27.291
2015-09-15,28.9904
2015-09-16,29.5514
2015-09-17,28.7034
2015-09-18,29.2733
2015-09-19,30.7531
2015-09-20,31.7228
2015-09-21,31.8181
2015-09-22,29.914
2015-09-23,30.7385
2015-09-24,32.3909
2015-09-25,32.2556
2015-09-26,32.1966
2015-09-27,32.0332
2015-09-28,32.9451
2015-09-29,33.2784
2015-09-30,33.3027
2015-10-01,33.4304
2015-10-02,32.6567
2015-10-03,34.3825
2015-10-04,34.9017
2015-10-05,34.0388
2015-10-06,33.3127
2015-10-07,30.2243
2015-10-08,31.103
2015-10-09,32.8784
2015-10-10,33.303
2015-10-11,33.3952
2015-10-12,30.2891
2015-10-13,32.2479
2015-10-14,32.9892
2015-10-15,33.4014
2015-10-16,32.3874
2015-10-17,31.1921
2015-10-18,30.1447
2015-10-19,29.2566
2015-10-20,29.7686
2015-10-21,30.8758
2015-10-22,30.7649
2015-10-23,30.0983
2015-10-24,29.1605
2015-10-25,28.7161
2015-10-26,28.4099
2015-10-27,28.6398
2015-10-28,29.2977
2015-10-29,30.0667
2015-10-30,30.024
2015-10-31,31.2393
2016-07-01,30.0714
2016-07-02,31.094
2016-07-03,31.2298
2016-07-04,31.2192
2016-07-05,30.1226
2016-07-06,29.2104
2016-07-07,28.8424
2016-07-08,28.3544
2016-07-09,30.3198
2016-07-10,28.8829
2016-07-11,25.501
2016-07-12,27.0793
2016-07-13,26.2741
2016-07-14,25.4959
2016-07-15,26.5455
2016-07-16,26.4725
2016-07-17,27.3748
2016-07-18,27.6126
2016-07-19,25.3018
2016-07-20,26.2465
2016-07-21,26.5667
2016-07-22,27.3122
2016-07-23,27.754
2016-07-24,24.324
2016-07-25,25.9969
2016-07-26,27.8596
2016-07-27,25.8669
2016-07-28,24.3887
2016-07-29,24.6306
2016-07-30,24.6145
2016-07-31,23.8252
2016-08-01,25.3065
2016-08-02,25.8343
2016-08-03,25.2938
2016-08-04,24.7198
2016-08-05,26.2841
2016-08-06,24.9886
2016-08-07,25.3751
2016-08-08,25.8762
2016-08-09,24.9326
2016-08-10,25.311
2016-08-11,26.0595
2016-08-12,26.9199
2016-08-13,27.6094
2016-08-14,26.079
2016-08-15,27.4005
2016-08-16,26.6233
2016-08-17,27.0128
2016-08-18,27.7353
2016-08-19,26.8233
2016-08-20,25.7747
2016-08-21,26.85
2016-08-22,27.8818
2016-08-23,27.7679
2016-08-24,26.9214
2016-08-25,26.4042
2016-08-26,26.9573
2016-08-27,26.6735
2016-08-28,27.3747
2016-08-29,27.3267
2016-08-30,26.8305
2016-08-31,27.7722
2016-09-01,27.3741
2016-09-02,27.344
2016-09-03,27.2678
2016-09-04,28.2964
2016-09-05,30.0272
2016-09-06,30.0531
2016-09-07,28.5702
2016-09-08,27.4996
2016-09-09,28.5135
2016-09-10,29.2607
2016-09-11,28.8067
2016-09-12,29.6776
2016-09-13,30.6569
2016-09-14,30.5316
2016-09-15,30.9228
2016-09-16,30.1983
2016-09-17,26.7243
2016-09-18,29.9148
2016-09-19,30.8539
2016-09-20,29.4571
2016-09-21,28.3181
2016-09-22,30.2203
2016-09-23,31.1349
2016-09-24,30.6533
2016-09-25,30.871
2016-09-26,30.1171
2016-09-27,29.7779
2016-09-28,29.9792
2016-09-29,31.1363
2016-09-30,32.2462
2016-10-01,32.1666
2016-10-02,32.452
2016-10-03,28.9713
2016-10-04,28.9724
2016-10-05,30.7998
2016-10-06,30.6486
2016-10-07,31.5041
2016-10-08,32.6727
2016-10-09,33.0594
2016-10-10,32.8878
2016-10-11,31.9185
2016-10-12,32.3524
2016-10-13,32.1131
2016-10-14,30.5332
2016-10-15,30.673
2016-10-16,31.3443
2016-10-17,31.6615
2016-10-18,32.0471
2016-10-19,32.0431
2016-10-20,32.2558
2016-10-21,31.4611
2016-10-22,31.4647
2016-10-23,32.1885
2016-10-24,31.8045
2016-10-25,31.8065
2016-10-26,31.8896
2016-10-27,31.9138
2016-10-28,32.3724
2016-10-29,33.0094
2016-10-30,32.8421
2016-10-31,33.1287
2017-07-01,32.3873
2017-07-02,31.1562
2017-07-03,30.412
2017-07-04,30.3393
2017-07-05,28.3926
2017-07-06,27.2016
2017-07-07,28.1486
2017-07-08,26.8963
2017-07-09,26.2858
2017-07-10,28.4194
2017-07-11,29.3638
2017-07-12,28.5565
2017-07-13,26.5591
2017-07-14,28.2986
2017-07-15,28.9547
2017-07-16,28.9584
2017-07-17,28.1386
2017-07-18,29.5589
2017-07-19,29.3271
2017-07-20,28.3262
2017-07-21,27.5025
2017-07-22,29.069
2017-07-23,30.331
2017-07-24,29.3787
2017-07-25,27.4691
2017-07-26,27.2252
2017-07-27,27.1389
2017-07-28,28.0626
2017-07-29,29.4843
2017-07-30,29.3738
2017-07-31,28.6797
2017-08-01,26.4378
2017-08-02,29.459
2017-08-03,28.9643
2017-08-04,26.4791
2017-08-05,27.3191
2017-08-06,28.4629
2017-08-07,28.115
2017-08-08,26.2552
2017-08-09,27.8747
2017-08-10,27.9571
2017-08-11,27.5518
2017-08-12,27.9282
2017-08-13,27.122
2017-08-14,29.8904
2017-08-15,27.9358
2017-08-16,27.2726
2017-08-17,28.3833
2017-08-18,28.4982
2017-08-19,28.4854
2017-08-20,26.753
2017-08-21,27.7693
2017-08-22,28.4054
2017-08-23,28.0402
2017-08-24,28.4185
2017-08-25,29.4363
2017-08-26,26.2805
2017-08-27,29.5587
2017-08-28,27.0514
2017-08-29,24.4161
2017-08-30,26.5584
2017-08-31,27.915
2017-09-01,27.5383
2017-09-02,27.2507
2017-09-03,26.227
2017-09-04,27.26
2017-09-05,26.6848
2017-09-06,27.4903
2017-09-07,28.3369
2017-09-08,28.1992
2017-09-09,28.6743
2017-09-10,27.4207
2017-09-11,27.4301
2017-09-12,28.5978
2017-09-13,30.496
2017-09-14,29.0463
2017-09-15,27.5587
2017-09-16,29.6908
2017-09-17,30.8426
2017-09-18,29.9263
2017-09-19,27.7407
2017-09-20,30.4456
2017-09-21,29.235
2017-09-22,29.1663
2017-09-23,31.0427
2017-09-24,31.1126
2017-09-25,30.7571
2017-09-26,29.8914
2017-09-27,32.2916
2017-09-28,33.5944
2017-09-29,32.1534
2017-09-30,30.6911
2017-10-01,30.8484
2017-10-02,32.2655
2017-10-03,33.2584
2017-10-04,33.7428
2017-10-05,32.6004
2017-10-06,31.3863
2017-10-07,32.3881
2017-10-08,33.2346
2017-10-09,33.7911
2017-10-10,32.7432
2017-10-11,31.3925
2017-10-12,30.474
2017-10-13,32.0416
2017-10-14,33.2125
2017-10-15,32.1608
2017-10-16,31.4168
2017-10-17,32.4603
2017-10-18,33.9772
2017-10-19,34.3058
2017-10-20,33.1642
2017-10-21,33.4347
2017-10-22,33.5189
2017-10-23,32.8533
2017-10-24,33.3892
2017-10-25,33.9711
2017-10-26,34.9287
2017-10-27,33.2021
2017-10-28,33.5021
2017-10-29,33.4882
2017-10-30,33.7387
2017-10-31,33.2313
2018-07-01,27.9575
2018-07-02,29.7718
2018-07-03,30.3362
2018-07-04,29.7123
2018-07-05,29.9755
2018-07-06,29.1488
2018-07-07,30.7475
2018-07-08,30.267
2018-07-09,29.3735
2018-07-10,27.7053
2018-07-11,28.6965
2018-07-12,29.1616
2018-07-13,29.754
2018-07-14,28.9582
2018-07-15,30.1226
2018-07-16,28.69
2018-07-17,27.9037
2018-07-18,28.899
2018-07-19,29.9832
2018-07-20,30.1211
2018-07-21,29.7673
2018-07-22,28.8152
2018-07-23,27.4324
2018-07-24,25.3509
2018-07-25,26.2765
2018-07-26,27.7943
2018-07-27,27.0391
2018-07-28,25.3591
2018-07-29,24.8788
2018-07-30,26.4597
2018-07-31,26.6912
2018-08-01,28.0152
2018-08-02,27.3772
2018-08-03,25.4671
2018-08-04,26.1096
2018-08-05,26.1817
2018-08-06,26.3927
2018-08-07,26.0119
2018-08-08,26.6042
2018-08-09,26.8785
2018-08-10,27.5588
2018-08-11,28.5662
2018-08-12,26.2106
2018-08-13,25.7398
2018-08-14,26.8185
2018-08-15,26.3389
2018-08-16,25.3924
2018-08-17,26.5357
2018-08-18,25.8748
2018-08-19,26.3732
2018-08-20,26.1185
2018-08-21,26.6219
2018-08-22,25.6161
2018-08-23,26.3064
2018-08-24,26.1936
2018-08-25,25.2441
2018-08-26,25.5047
2018-08-27,27.8303
2018-08-28,25.7191
2018-08-29,24.098
2018-08-30,25.9299
2018-08-31,25.832
2018-09-01,26.1149
2018-09-02,27.3223
2018-09-03,26.7066
2018-09-04,23.1074
2018-09-05,26.1977
2018-09-06,26.2202
2018-09-07,25.5857
2018-09-08,24.6222
2018-09-09,25.1135
2018-09-10,26.371
2018-09-11,27.3112
2018-09-12,26.5045
2018-09-13,26.562
2018-09-14,26.9554
2018-09-15,26.8305
2018-09-16,26.299
2018-09-17,27.489
2018-09-18,27.1505
2018-09-19,26.4896
2018-09-20,27.3278
2018-09-21,27.3577
2018-09-22,27.9812
2018-09-23,28.9791
2018-09-24,29.8777
2018-09-25,29.9432
2018-09-26,29.4896
2018-09-27,30.3827
2018-09-28,30.5484
2018-09-29,31.1915
2018-09-30,29.4314
2018-10-01,29.852
2018-10-02,30.9228
2018-10-03,30.0012
2018-10-04,31.1214
2018-10-05,31.5083
2018-10-06,32.2734
2018-10-07,29.5575
2018-10-08,29.5561
2018-10-09,31.0949
2018-10-10,30.2513
2018-10-11,28.952
2018-10-12,30.6842
2018-10-13,31.5553
2018-10-14,32.4924
2018-10-15,32.2463
2018-10-16,31.7831
2018-10-17,31.6218
2018-10-18,31.8681
2018-10-19,30.5424
2018-10-20,29.3136
2018-10-21,31.2425
2018-10-22,31.8039
2018-10-23,31.9184
2018-10-24,30.2788
2018-10-25,31.3868
2018-10-26,32.9736
2018-10-27,33.7829
2018-10-28,33.0733
2018-10-29,32.5159
2018-10-30,32.4978
2018-10-31,32.0987
2019-07-01,29.7584
2019-07-02,29.0454
2019-07-03,29.0213
2019-07-04,29.5815
2019-07-05,30.3065
2019-07-06,30.4839
2019-07-07,29.7054
2019-07-08,29.1312
2019-07-09,29.2094
2019-07-10,29.5379
2019-07-11,27.411
2019-07-12,27.499
2019-07-13,27.9516
2019-07-14,27.9327
2019-07-15,28.3152
2019-07-16,28.9233
2019-07-17,27.4802
2019-07-18,28.2283
2019-07-19,28.86
2019-07-20,29.8996
2019-07-21,29.9468
2019-07-22,26.728
2019-07-23,27.649
2019-07-24,28.8848
2019-07-25,30.1562
2019-07-26,29.0724
2019-07-27,30.1676
2019-07-28,30.249
2019-07-29,28.2115
2019-07-30,29.2097
2019-07-31,28.6068
2019-08-01,26.5297
2019-08-02,27.898
2019-08-03,29.9747
2019-08-04,28.0308
2019-08-05,25.6995
2019-08-06,25.6856
2019-08-07,28.6203
2019-08-08,28.2783
2019-08-09,25.3016
2019-08-10,23.6854
2019-08-11,23.8621
2019-08-12,25.8526
2019-08-13,25.2642
2019-08-14,26.2824
2019-08-15,27.4234
2019-08-16,26.618
2019-08-17,25.85
2019-08-18,25.3853
2019-08-19,25.1826
2019-08-20,25.9994
2019-08-21,26.6524
2019-08-22,26.3037
2019-08-23,25.2289
2019-08-24,25.7261
2019-08-25,27.149
2019-08-26,26.3573
2019-08-27,24.785
2019-08-28,25.9962
2019-08-29,26.9473
2019-08-30,26.456
2019-08-31,26.592
2019-09-01,26.3755
2019-09-02,27.3157
2019-09-03,27.4546
2019-09-04,27.1562
2019-09-05,26.2181
2019-09-06,26.8011
2019-09-07,27.6537
2019-09-08,27.7048
2019-09-09,26.4734
2019-09-10,26.0421
2019-09-11,25.9833
2019-09-12,26.3624
2019-09-13,27.9127
2019-09-14,27.7572
2019-09-15,27.1131
2019-09-16,28.6053
2019-09-17,27.0275
2019-09-18,26.7218
2019-09-19,28.8181
2019-09-20,29.8041
2019-09-21,28.4784
2019-09-22,28.215
2019-09-23,29.1747
2019-09-24,29.7724
2019-09-25,29.9607
2019-09-26,29.1509
2019-09-27,27.8652
2019-09-28,28.803
2019-09-29,30.1394
2019-09-30,27.4449
2019-10-01,24.9449
2019-10-02,27.1939
2019-10-03,27.3491
2019-10-04,26.2272
2019-10-05,26.1922
2019-10-06,27.2143
2019-10-07,27.4056
2019-10-08,26.5327
2019-10-09,27.0392
2019-10-10,25.2864
2019-10-11,26.686
2019-10-12,26.3249
2019-10-13,25.5924
2019-10-14,26.8121
2019-10-15,28.5671
2019-10-16,28.1605
2019-10-17,27.7696
2019-10-18,27.027
2019-10-19,28.5121
2019-10-20,28.5575
2019-10-21,29.051
2019-10-22,28.4958
2019-10-23,28.6737
2019-10-24,28.6191
2019-10-25,28.273
2019-10-26,29.8271
2019-10-27,29.0702
2019-10-28,28.7349
2019-10-29,29.695
2019-10-30,31.0807
2019-10-31,30.9385
